autonummering;Veldcode;IDToonW;sampling_unit_code;naam;SGO__km²_;SBZ;provincie;x;y;AfstandTot;RankingGRT;SGO;Volgorde_cyclus1;Jaar cyclus 1;jaar_cyclus2;FID_1;UIDN;OIDN;VHAS;VHAG;NAAM_1;REGCODE;REGCODE1;BEHEER;CATC;LBLCATC;BEKNR;BEKNAAM;STRMGEB;KWALDOEL;LBLKWAL;GEO;LBLGEO;VHAZONENR;WTRLICHC;LENGTE;Distance;bron+datum_cyclus1;Opm_cyclus1;bron+datum_cyclus2;Opm_cyclus2;"verplaatsing (geen: 0; origineel: -1 of verplaatst: 1; meetpunt geschrapt door ongeschikt: -2)";
1;Dommel_05;783;1_4_783;DOMMEL;>50;intersecting or downstream;Limburg;223428,5451;215626,0317;8,062744;63762;>10;1;1;2022;25742;380192;96679;7014602;9512;Dommel;L6; ;V0102;1;Geklasseerd, eerste categorie;11;Maasbekken;Maas;310;Viswater;2;< 0.25 m;935;VL05_136;854,42;0,002305;orginele steekproeftrekking 2014;gemeten <= 2019;steekproefvernieuwing2022_2e_cylcus;gemeten in 2022;0;
2;GieBe_01;943;1_4_943;GIELISBEEK;<10;intersecting or downstream;Limburg;228327,8311;200816,6532;10,549351;407506;<10;1;1;;24467;398841;82351;6031294;9663;Gielisbeek;L87; ;W7.13;2;Geklasseerd, tweede categorie;11;Maasbekken;Maas;310;Viswater;0;10 tot 2.5 m;921;L213_133;5505,7;0,003173;orginele steekproeftrekking 2014;gemeten <= 2019;;;0;
3;LoeNe_01;1309;1_4_1309;LOEIJENS NEETJE;10-50;outside;Antwerpen;196022,7355;215574,4424;10,787975;378102;>10;1;1;2022;32858;423731;102341;7029405;8836;Loeijens Neetje;A.8.21; ;10000;2;Geklasseerd, tweede categorie;10;Netebekken;Schelde;310;Viswater;2;< 0.25 m;530;L111_1066;52,99;0,974902;orginele steekproeftrekking 2014;gemeten <= 2019;steekproefvernieuwing2022_2e_cylcus;gemeten in 2022;0;
4;Stiemer_01;1495;1_4_1495;STIEMER;<10;outside;Limburg;230211,1351;186888,3908;7,967182;93650;<10;1;2;2022;34398;386941;90745;6038840;8038;Stiemer;L42; ;71016;3;Geklasseerd, derde categorie;9;Demerbekken;Schelde;100;Basiskwaliteit;1;2.5 tot 0.25 m;601;L213_99;6257,63;0,310959;orginele steekproeftrekking 2014;gemeten <= 2019;steekproefvernieuwing2022_2e_cylcus;gemeten in 2022;0;
5;Berwijn_01;329;1_4_329;BERWIJN;>50;intersecting or downstream;Limburg;243642,0031;161000,3554;6,785058;88754;>10;2;1;2022;4297;357829;36139;3600721;9536;Berwijn;L03; ;V0102;1;Geklasseerd, eerste categorie;11;Maasbekken;Maas;310;Viswater;2;< 0.25 m;900;VL05_134;5000,33;0,004053;orginele steekproeftrekking 2014;gemeten <= 2019;steekproefvernieuwing2022_2e_cylcus;"niet geschikt door overwelving? 16m overwelving; dus niet geschikt voor monitoring; schrappen als meetpunt";-2;
6;NooBe_01;1017;1_4_1017;NOORBEEK;<10;intersecting or downstream;Limburg;249817,2143;162401,2029;13,632637;728498;<10;2;1;;36270;400391;36132;3600616;9682;Noorbeek;L003; ;70000;2;Geklasseerd, tweede categorie;11;Maasbekken;Maas;100;Basiskwaliteit;2;< 0.25 m;900;NL_M;2038,38;0,003437;orginele steekproeftrekking 2014;gemeten <= 2019;;;0;
7;SchNe_01;1172;1_4_1172;SCHEPPELIJKE NETE;10-50;outside;Antwerpen;205843,0685;210444,8742;10,596212;483446;>10;2;2;2022;26589;370927;97545;7021004;8634;Scheppelijke Nete;A.7.29.5; ;10000;2;Geklasseerd, tweede categorie;10;Netebekken;Schelde;100;Basiskwaliteit;2;< 0.25 m;501;L107_705;6085,58;0,139039;orginele steekproeftrekking 2014;gemeten <= 2019;steekproefvernieuwing2022_2e_cylcus;gemeten in 2022;0;
8;Voer_08_o;31;1_4_31;VOER;<10;outside;Limburg;252091,152;160123,8577;13,958977;131970;<10;2;3;;36269;400390;36131;3600614;9574;Voer;L001; ;70000;2;Geklasseerd, tweede categorie;11;Maasbekken;Maas;310;Viswater;2;< 0.25 m;900;NL_M;1136,06;0,001512;orginele steekproeftrekking 2014;gemeten <= 2019 (maar verplaatst);;;-1;
9;AntGr_01;1143;1_4_1143;ANTITANKKANAAL;10-50;outside;Antwerpen;153679,2513;226383,3149;14,390935;485342;>10;3;3;2023;9559;360726;70745;6025127;113;Antitankkanaal; ; ;V0101;1;Geklasseerd, eerste categorie;4;Beneden-Scheldebekken;Schelde;310;Viswater;1;2.5 tot 0.25 m;108;L111_724;2618,75;0,003722;orginele steekproeftrekking 2014;gemeten <= 2019;steekproefvernieuwing2022_2e_cylcus;;0;
10;KaaBe_01;772;1_4_772;KAATSBEEK;<10;outside;Limburg;228295,3843;179644,3265;17,259705;351794;<10;3;4;2022;31777;390430;92106;6038912;8115;Kaatsbeek;L205; ;70000;2;Geklasseerd, tweede categorie;9;Demerbekken;Schelde;100;Basiskwaliteit;1;2.5 tot 0.25 m;601;L213_99;1417,56;3,82423;orginele steekproeftrekking 2014;gemeten <= 2019;steekproefvernieuwing2022_2e_cylcus;gemeten in 2022;0;
11;KleNe_06;618;1_4_618;KLEINE NETE;>50;intersecting or downstream;Antwerpen;185944,6091;209539,175;12,020039;116470;>10;3;1;;31971;355091;98684;7023563;8502;Kleine Nete;A.8; ;V0101;1;Geklasseerd, eerste categorie;10;Netebekken;Schelde;310;Viswater;2;< 0.25 m;532;VL11_127;846,06;0,003689;orginele steekproeftrekking 2014;gemeten <= 2019;;;0;
12;NooMa_02;1088;1_4_1088;GELSLOOPKE;<10;intersecting or downstream;Antwerpen;186945,4704;232226,7945;11,965109;1047854;<10;3;1;2022;17907;394596;35984;1502483;9670;Noordermark;A.4.15.2; ;W1.08;2;Geklasseerd, tweede categorie;11;Maasbekken;Maas;310;Viswater;2;< 0.25 m;941;L213_146;148,03;0,297866;orginele steekproeftrekking 2014;gemeten <= 2019;steekproefvernieuwing2022_2e_cylcus;gemeten in 2022;0;
13;GroNe_01;1583;1_4_1583;GROTE NETE;10-50;intersecting or downstream;Antwerpen;210667,0304;206049,5413;18,402572;157302;>10;4;1;;253;426460;103620;7039002;8501;Grote Nete;A.7; ;10000;2;Geklasseerd, tweede categorie;10;Netebekken;Schelde;310;Viswater;0;10 tot 2.5 m;500;L107_708;1614,73;0,000478;orginele steekproeftrekking 2014;gemeten <= 2019;;;0;
14;MunLo_01;1515;1_4_1515;MUNTLOOP;10-50;outside;Antwerpen;175351,3587;236847,3096;6,346973;952670;>10;4;3;2023;24748;379108;55638;6011135;10047;Muntloop;A.4.11; ;W1.01;2;Geklasseerd, tweede categorie;11;Maasbekken;Maas;100;Basiskwaliteit;2;< 0.25 m;941;L111_1049;2017,47;0,601326;orginele steekproeftrekking 2014;gemeten <= 2019;steekproefvernieuwing2022_2e_cylcus;gemeten in 2023;0;
15;SchNe_08;1210;1_4_1210;SCHEPPELIJKE NETE;<10;outside;Antwerpen;208897,0796;211415,0405;9,584057;408694;<10;4;5;;30857;422070;41370;1502811;8634;Scheppelijke Nete;A.7.29.5; ;10000;2;Geklasseerd, tweede categorie;10;Netebekken;Schelde;100;Basiskwaliteit;2;< 0.25 m;501;L213_128;755,12;0,048669;orginele steekproeftrekking 2014;gemeten <= 2019;;;0;
16;WalBo_01;1690;1_4_1690;NA;<10;intersecting or downstream;Vlaams-Brabant;186150,6727;180314,792;15,594931;1150886;<10;4;1;2022;6122;413960;68650;6023058;11426; ; ; ;ONBEKEND;9;Niet geklasseerd;9;Demerbekken;Schelde;100;Basiskwaliteit;0;10 tot 2.5 m;666;L213_104;59,08;0,001395;orginele steekproeftrekking 2014;gemeten <= 2019;steekproefvernieuwing2022_2e_cylcus;gemeten in 2022;0;
17;GouLo_08;814;1_4_814;GOUWBERGSE LOOP;<10;intersecting or downstream;Antwerpen;180437,0171;243133,2955;17,436107;1391710;<10;5;2;;32131;386758;74307;6027571;10163;Gouwbergse Loop;A.4.04; ;W1.01;2;Geklasseerd, tweede categorie;11;Maasbekken;Maas;310;Viswater;2;< 0.25 m;945;L213NL;779,53;0,759049;orginele steekproeftrekking 2014;gemeten <= 2019;;;0;
18;Maas_08;188;1_4_188;MAAS;>50;intersecting or downstream;Limburg;248161,713;188823,1368;9,919758;266578;>10;5;1;2023;8201;356824;22345;6000008;9501;Maas;BV44;BV440;V0060;0;Bevaarbaar;11;Maasbekken;Maas;310;Viswater;2;< 0.25 m;920;VL11_203;7589,74;0,000038;orginele steekproeftrekking 2014;gemeten <= 2019;steekproefvernieuwing2022_2e_cylcus;gemeten in 2023;0;
19;SchNe_02;1189;1_4_1189;SCHEPPELIJKE NETE;10-50;outside;Antwerpen;207415,3732;210723,7608;12,076966;1006710;>10;5;4;2023;26589;370927;97545;7021004;8634;Scheppelijke Nete;A.7.29.5; ;10000;2;Geklasseerd, tweede categorie;10;Netebekken;Schelde;100;Basiskwaliteit;2;< 0.25 m;501;L107_705;6085,58;0,19867;orginele steekproeftrekking 2014;gemeten <= 2019;steekproefvernieuwing2022_2e_cylcus;gemeten in 2022;0;
20;ZilBe_01;1464;1_4_1464;ZILTBEKE;<10;outside;Oost-Vlaanderen;81436,76618;212954,7701;12,683448;434881;<10;5;6;2023;1419;412656;70890;6025271;2205;Ziltbeke;O407; ;P4.129;2;Geklasseerd, tweede categorie;2;Bekken Brugse polders;Brugse Polders;100;Basiskwaliteit;1;2.5 tot 0.25 m;85;L213_173;887,8;0,003793;orginele steekproeftrekking 2014;gemeten <= 2019;steekproefvernieuwing2022_2e_cylcus;gemeten in 2023 (maar droog);0;
21;Berwijn_02;320;1_4_320;BERWIJN;>50;intersecting or downstream;Limburg;242974,052;161358,8003;0,826573;391346;>10;6;1;2022;4297;357829;36139;3600721;9536;Berwijn;L03; ;V0102;1;Geklasseerd, eerste categorie;11;Maasbekken;Maas;310;Viswater;2;< 0.25 m;900;VL05_134;5000,33;0,003286;orginele steekproeftrekking 2014;gemeten <= 2019;steekproefvernieuwing2022_2e_cylcus;niet meer geschikt door onbereikbaar;0;
22;BriLo_04;872;1_4_872;BRISDILLOOP;<10;intersecting or downstream;Antwerpen;210232,5922;204881,5569;6,070803;2357110;<10;6;2;;38444;389267;66403;6021805;9048;Brisdilloop;A.7.33.2; ;10000;2;Geklasseerd, tweede categorie;10;Netebekken;Schelde;100;Basiskwaliteit;2;< 0.25 m;500;L213_123;2540,38;0,312873;orginele steekproeftrekking 2014;gemeten <= 2019;;;0;
23;RepBe_01;683;1_4_683;REPPELERBEEK;<10;outside;Limburg;232425,5827;206377,9879;12,680658;470034;<10;6;8;;39800;413442;55416;6010531;9767;Reppelerbeek;L677; ;70000;2;Geklasseerd, tweede categorie;11;Maasbekken;Maas;100;Basiskwaliteit;0;10 tot 2.5 m;921;L213_133;2935,93;0,003904;orginele steekproeftrekking 2014;gemeten <= 2019;;;0;
24;SchNe_03;1166;1_4_1166;SCHEPPELIJKE NETE;10-50;outside;Antwerpen;205330,5876;210333,0813;18,577613;1370998;>10;6;5;2024;26589;370927;97545;7021004;8634;Scheppelijke Nete;A.7.29.5; ;10000;2;Geklasseerd, tweede categorie;10;Netebekken;Schelde;100;Basiskwaliteit;2;< 0.25 m;501;L107_705;6085,58;0,027703;orginele steekproeftrekking 2014;gemeten <= 2019;steekproefvernieuwing2022_2e_cylcus;gemeten in 2023;0;
25;GouLo_02;1886;1_4_1886;GOUWBERGSE LOOP;<10;outside;Antwerpen;181736,0851;241488,4165;10,742898;1031262;<10;7;9;;4350;391503;74482;6027896;10163;Gouwbergse Loop;A.4.04; ;W1.01;2;Geklasseerd, tweede categorie;11;Maasbekken;Maas;310;Viswater;2;< 0.25 m;945;L213NL;639,03;0,896493;orginele steekproeftrekking 2014;gemeten <= 2019;;;0;
26;GouLo_12;806;1_4_806;GOUWBERGSE LOOP;<10;intersecting or downstream;Antwerpen;179905,6185;243386,6229;13,141425;2485086;<10;7;2;2023;32132;386759;74308;6027572;10163;Gouwbergse Loop;A.4.04; ;W1.01;2;Geklasseerd, tweede categorie;11;Maasbekken;Maas;310;Viswater;2;< 0.25 m;945;L213NL;1170,29;3,263795;orginele steekproeftrekking 2014;gemeten <= 2019;steekproefvernieuwing2022_2e_cylcus;gemeten in 2023 (uitval);0;
27;Maas_09;208;1_4_208;MAAS;>50;intersecting or downstream;Limburg;247171,9268;187154,8496;7,909452;435538;>10;7;1;2023;8201;356824;22345;6000008;9501;Maas;BV44;BV440;V0060;0;Bevaarbaar;11;Maasbekken;Maas;310;Viswater;2;< 0.25 m;920;VL11_203;7589,74;0,001679;orginele steekproeftrekking 2014;gemeten <= 2019;steekproefvernieuwing2022_2e_cylcus;gemeten in 2023;0;
28;SchNe_04o;565;1_4_565;SCHEPPELIJKE NETE;10-50;outside;Antwerpen;203779,35;209650,2026;7,062207;1497974;>10;7;6;;26589;370927;97545;7021004;8634;Scheppelijke Nete;A.7.29.5; ;10000;2;Geklasseerd, tweede categorie;10;Netebekken;Schelde;100;Basiskwaliteit;2;< 0.25 m;501;L107_705;6085,58;2,105189;orginele steekproeftrekking 2014;gemeten <= 2019 (maar verplaatst);;;-1;
29;DesNe_01;853;1_4_853;DESSELSE NEET;10-50;intersecting or downstream;Antwerpen;200562,9751;215903,9776;17,678902;494838;>10;8;1;2022;4298;357830;78645;6030573;8710;Desselse Neet;A.8.22; ;10000;2;Geklasseerd, tweede categorie;10;Netebekken;Schelde;100;Basiskwaliteit;2;< 0.25 m;530;L111_717;954,11;0,157568;orginele steekproeftrekking 2014;gemeten <= 2019;steekproefvernieuwing2022_2e_cylcus;gemeten in 2022;0;
30;GieBe_02;942;1_4_942;GIELISBEEK;<10;intersecting or downstream;Limburg;228390,0944;200878,9375;8,542254;2701266;<10;8;2;;24467;398841;82351;6031294;9663;Gielisbeek;L87; ;W7.13;2;Geklasseerd, tweede categorie;11;Maasbekken;Maas;310;Viswater;0;10 tot 2.5 m;921;L213_133;5505,7;0,002967;orginele steekproeftrekking 2014;gemeten <= 2019;;;0;
31;SchNe_05;1198;1_4_1198;SCHEPPELIJKE NETE;10-50;outside;Antwerpen;208236,0361;210749,2352;20,911619;1596534;>10;8;6;2024;26589;370927;97545;7021004;8634;Scheppelijke Nete;A.7.29.5; ;10000;2;Geklasseerd, tweede categorie;10;Netebekken;Schelde;100;Basiskwaliteit;2;< 0.25 m;501;L107_705;6085,58;1,760059;orginele steekproeftrekking 2014;gemeten <= 2019;steekproefvernieuwing2022_2e_cylcus;gemeten in 2023;0;
32;Stiemer_02o;1497;1_4_1497;STIEMER;<10;outside;Limburg;230401,568;186948,8448;10,085635;1142226;<10;8;10;;34398;386941;90745;6038840;8038;Stiemer;L42; ;71016;3;Geklasseerd, derde categorie;9;Demerbekken;Schelde;100;Basiskwaliteit;1;2.5 tot 0.25 m;601;L213_99;6257,63;0,802904;orginele steekproeftrekking 2014;gemeten <= 2019 (maar verplaatst);;;-1;
33;BosBe_01;674;1_4_674;BOSBEEK;10-50;intersecting or downstream;Limburg;236314,4924;191366,281;8,423581;559698;>10;9;2;2022;7152;361603;85817;6034000;10004;Bosbeek;L52; ;70000;2;Geklasseerd, tweede categorie;11;Maasbekken;Maas;100;Basiskwaliteit;0;10 tot 2.5 m;922;L107_876;1799,64;0,003095;orginele steekproeftrekking 2014;gemeten <= 2019;steekproefvernieuwing2022_2e_cylcus;gemeten in 2022;0;
34;Ede_01;1358;1_4_1358;EDE;<10;outside;Oost-Vlaanderen;86343,09698;208726,134;12,436704;1372353;<10;9;11 --> 2021;2026;34241;399699;91378;6039133;620;Ede;O412; ;40000;2;Geklasseerd, tweede categorie;2;Bekken Brugse polders;Brugse Polders;110;Produktie drinkwater;1;2.5 tot 0.25 m;143;L213_149;1590,41;0,001099;orginele steekproeftrekking 2014;gemeten in 2021;steekproefvernieuwing2022_2e_cylcus;;0;
35;GouLo_03;822;1_4_822;GOUWBERGSE LOOP;<10;intersecting or downstream;Antwerpen;181018,1646;242889,4273;5,805877;3144798;<10;9;3;;9982;416703;26360;1000593;10163;Gouwbergse Loop;A.4.04; ;W1.01;2;Geklasseerd, tweede categorie;11;Maasbekken;Maas;310;Viswater;2;< 0.25 m;945;L213NL;1176,94;1,448844;orginele steekproeftrekking 2014;gemeten <= 2019;;;0;
36;LoeNe_02;1320;1_4_1320;LOEIJENS NEETJE;10-50;outside;Antwerpen;197019,2286;218119,8462;6,698182;1762550;>10;9;7;2024;33199;357654;24217;1500002;8836;Loeijens Neetje;A.8.21; ;10000;2;Geklasseerd, tweede categorie;10;Netebekken;Schelde;310;Viswater;2;< 0.25 m;530;L111_1066;2629,75;0,831513;orginele steekproeftrekking 2014;gemeten <= 2019;steekproefvernieuwing2022_2e_cylcus;gemeten in 2023 (uitval);0;
37;BriLo_01;1413;1_4_1413;BRISDILLOOP;10-50;intersecting or downstream;Antwerpen;209162,9368;204312,77;17,077549;620406;>10;10;2;;37323;359677;66402;6021804;9048;Brisdilloop;A.7.33.2; ;10000;2;Geklasseerd, tweede categorie;10;Netebekken;Schelde;100;Basiskwaliteit;2;< 0.25 m;500;L111_1065;2170,32;3,595008;orginele steekproeftrekking 2014;gemeten <= 2019;;;0;
38;BriLo_05;876;1_4_876;BRISDILLOOP;<10;intersecting or downstream;Antwerpen;210610,5866;204817,2262;11,437088;3286646;<10;10;3;;38444;389267;66403;6021805;9048;Brisdilloop;A.7.33.2; ;10000;2;Geklasseerd, tweede categorie;10;Netebekken;Schelde;100;Basiskwaliteit;2;< 0.25 m;500;L213_123;2540,38;0,355788;orginele steekproeftrekking 2014;gemeten <= 2019;;;0;
39;Kikbeek_01;294;1_4_294;KIKBEEK;>50;outside;Limburg;244775,4268;184397,4378;9,858017;1781234;>10;10;8;;8377;359032;71077;6025759;9986;Kikbeek;L58; ;70000;2;Geklasseerd, tweede categorie;11;Maasbekken;Maas;100;Basiskwaliteit;1;2.5 tot 0.25 m;910;L111_1091;1905,86;0,803265;orginele steekproeftrekking 2014;gemeten <= 2019;;;0;
40;Stiemer_03;593;1_4_593;STIEMER;<10;outside;Limburg;231009,1739;187439,165;3,733052;1618386;<10;10;12 --> 2021;2026;34398;386941;90745;6038840;8038;Stiemer;L42; ;71016;3;Geklasseerd, derde categorie;9;Demerbekken;Schelde;100;Basiskwaliteit;1;2.5 tot 0.25 m;601;L213_99;6257,63;0,493754;orginele steekproeftrekking 2014 & steekproefvernieuwing2021;gemeten in 2021;steekproefvernieuwing2022_2e_cylcus;;0;
41;Dommel_08;899;1_4_899;DOMMEL;>50;intersecting or downstream;Limburg;224594,6011;208014,2136;10,991318;678674;>10;11;2;2022;39236;424886;103312;7028357;9512;Dommel;L6; ;V0102;1;Geklasseerd, eerste categorie;11;Maasbekken;Maas;310;Viswater;2;< 0.25 m;935;VL05_136;471,97;0,00245;orginele steekproeftrekking 2014;gemeten <= 2019;steekproefvernieuwing2022_2e_cylcus;gemeten in 2023 (uitval);0;
42;Renne_03;386;1_4_386;RENNE;<10;intersecting or downstream;Limburg;247048,1901;207107,9994;14,649821;3469714;<10;11;3;;34598;423208;55593;6010710;10143;Renne;L20; ;W7.02;2;Geklasseerd, tweede categorie;11;Maasbekken;Maas;100;Basiskwaliteit;0;10 tot 2.5 m;922;L213_141;1207,65;0,001697;orginele steekproeftrekking 2014;gemeten <= 2019;;;0;
43;WarBe_03;404;1_4_404;WARMBEEK;10-50;outside;Limburg;229115,9577;209081,3738;11,37818;2129938;>10;11;9;2024;30586;385354;78610;6030280;9508;Warmbeek;L60; ;W7.13;2;Geklasseerd, tweede categorie;11;Maasbekken;Maas;310;Viswater;2;< 0.25 m;931;L107_858;416,36;0,002315;orginele steekproeftrekking 2014;gemeten <= 2019;steekproefvernieuwing2022_2e_cylcus;gemeten in 2023 (uitval);0;
44;Abeek_04;862;1_4_862;ABEEK;<10;intersecting or downstream;Limburg;230652,9366;195763,7032;5,627937;4172754;<10;12;3;;39744;413386;55420;6010535;9505;Abeek;L19; ;70000;2;Geklasseerd, tweede categorie;11;Maasbekken;Maas;310;Viswater;1;2.5 tot 0.25 m;921;L213_133;399,95;0,692494;orginele steekproeftrekking 2014;gemeten <= 2019;;;0;
45;DesNe_02;851;1_4_851;DESSELSE NEET;10-50;intersecting or downstream;Antwerpen;200411,7993;215822,215;1,795515;756982;>10;12;2;2022;4298;357830;78645;6030573;8710;Desselse Neet;A.8.22; ;10000;2;Geklasseerd, tweede categorie;10;Netebekken;Schelde;100;Basiskwaliteit;2;< 0.25 m;530;L111_717;954,11;0,707662;orginele steekproeftrekking 2014;gemeten <= 2019;steekproefvernieuwing2022_2e_cylcus;gemeten in 2022;0;
46;SchNe_06;1182;1_4_1182;SCHEPPELIJKE NETE;10-50;outside;Antwerpen;206779,3237;210692,4805;9,896528;2366582;>10;12;9;;26589;370927;97545;7021004;8634;Scheppelijke Nete;A.7.29.5; ;10000;2;Geklasseerd, tweede categorie;10;Netebekken;Schelde;100;Basiskwaliteit;2;< 0.25 m;501;L107_705;6085,58;0,683533;orginele steekproeftrekking 2014;gemeten <= 2019;;;0;
47;GroNe_11;1600;1_4_1600;GROTE NETE;10-50;intersecting or downstream;Antwerpen;211853,2146;205980,8164;21,453184;763510;>10;13;2;;27695;382231;101161;7026344;8501;Grote Nete;A.7; ;10000;2;Geklasseerd, tweede categorie;10;Netebekken;Schelde;100;Basiskwaliteit;0;10 tot 2.5 m;500;L107_708;1716,16;0,004258;orginele steekproeftrekking 2014;gemeten <= 2019;;;0;
48;Kikbeek_02;298;1_4_298;KIKBEEK;>50;outside;Limburg;244385,6664;184427,8033;4,683851;2764274;>10;13;10;;8377;359032;71077;6025759;9986;Kikbeek;L58; ;70000;2;Geklasseerd, tweede categorie;11;Maasbekken;Maas;100;Basiskwaliteit;1;2.5 tot 0.25 m;910;L111_1091;1905,86;0,988157;orginele steekproeftrekking 2014;gemeten <= 2019;;;0;
49;Renne_04;385;1_4_385;RENNE;<10;intersecting or downstream;Limburg;247121,3674;207166,9928;19,444247;4256146;<10;13;3;;34598;423208;55593;6010710;10143;Renne;L20; ;W7.02;2;Geklasseerd, tweede categorie;11;Maasbekken;Maas;100;Basiskwaliteit;0;10 tot 2.5 m;922;L213_141;1207,65;0,003879;orginele steekproeftrekking 2014;gemeten <= 2019;;;0;
50;Dommel_04;102;1_4_102;DOMMEL;>50;intersecting or downstream;Limburg;223114,6767;216335,9427;13,211988;784658;>10;14;2;;25741;380191;96677;7014603;9512;Dommel;L6; ;V0102;1;Geklasseerd, eerste categorie;11;Maasbekken;Maas;310;Viswater;2;< 0.25 m;935;VL05_136;644,61;0,001009;orginele steekproeftrekking 2014;gemeten <= 2019;;;0;
51;NooMa_01;735;1_4_735;GELSLOOPKE;10-50;outside;Antwerpen;184772,8157;233437,84;17,306146;2774430;>10;14;11;;2205;354312;97905;7022579;9670;Noordermark;A.4.15.2; ;W1.08;2;Geklasseerd, tweede categorie;11;Maasbekken;Maas;310;Viswater;2;< 0.25 m;941;L107_607;99,59;10,49437;orginele steekproeftrekking 2014;niet bezocht voor 2019 --> geschrapt en vervangen door nieuwe steekproeftrekking in 2020;;;0;
52;Renne_05;388;1_4_388;RENNE;<10;intersecting or downstream;Limburg;246966,2752;206935,4787;11,884424;5042578;<10;14;4;;34598;423208;55593;6010710;10143;Renne;L20; ;W7.02;2;Geklasseerd, tweede categorie;11;Maasbekken;Maas;100;Basiskwaliteit;0;10 tot 2.5 m;922;L213_141;1207,65;0,000353;orginele steekproeftrekking 2014;gemeten <= 2019;;;0;
53;AntGr_02;1139;1_4_1139;ANTITANKKANAAL;10-50;outside;Antwerpen;153280,7666;226346,5406;4,779597;3041246;>10;15;12 --> 2021;2027;9559;360726;70745;6025127;113;Antitankkanaal; ; ;V0101;1;Geklasseerd, eerste categorie;4;Beneden-Scheldebekken;Schelde;310;Viswater;1;2.5 tot 0.25 m;108;L111_724;2618,75;0,003492;orginele steekproeftrekking 2014 & steekproefvernieuwing2021;gemeten in 2021;steekproefvernieuwing2022_2e_cylcus;;0;
54;GouLo_13;802;1_4_802;GOUWBERGSE LOOP;<10;intersecting or downstream;Antwerpen;179582,1629;243446,787;8,692171;6675294;<10;15;4;;32132;386759;74308;6027572;10163;Gouwbergse Loop;A.4.04; ;W1.01;2;Geklasseerd, tweede categorie;11;Maasbekken;Maas;310;Viswater;2;< 0.25 m;945;L213NL;1170,29;2,398451;orginele steekproeftrekking 2014;gemeten <= 2019;;;0;
55;Maas_10;191;1_4_191;MAAS;>50;intersecting or downstream;Limburg;248134,108;188525,6728;8,527377;790866;>10;15;2;2023;8201;356824;22345;6000008;9501;Maas;BV44;BV440;V0060;0;Bevaarbaar;11;Maasbekken;Maas;310;Viswater;2;< 0.25 m;920;VL11_203;7589,74;0,000867;orginele steekproeftrekking 2014;gemeten <= 2019;steekproefvernieuwing2022_2e_cylcus;gemeten in 2023;0;
56;BolBe_02;1241;1_4_1241;BOLLISENBEEK;<10;intersecting or downstream;Limburg;222900,7824;199043,4502;13,831732;6762706;<10;16;4;;7992;392488;62874;6018377;9702;Bollisenbeek;L71; ;W7.10;3;Geklasseerd, derde categorie;11;Maasbekken;Maas;310;Viswater;0;10 tot 2.5 m;935;L213_136;2811,62;0,003464;orginele steekproeftrekking 2014;gemeten <= 2019;extra meetpunt in 2022 voor evinbo-project milklim;gemeten in 2022;0;
57;Maas_03;114;1_4_114;MAAS;>50;intersecting or downstream;Limburg;248392,9994;195090,3685;12,175127;819282;>10;16;2;2024;8199;356822;22343;6000006;9501;Maas;BV44;BV440;V0060;0;Bevaarbaar;11;Maasbekken;Maas;310;Viswater;2;< 0.25 m;920;VL11_203;2973,21;0,000655;orginele steekproeftrekking 2014;gemeten <= 2019;steekproefvernieuwing2022_2e_cylcus;gemeten in 2023;0;
58;SchNe_07;1179;1_4_1179;SCHEPPELIJKE NETE;10-50;outside;Antwerpen;206504,2542;210593,6495;16,402305;3153014;>10;16;12 --> 2021;2027;26589;370927;97545;7021004;8634;Scheppelijke Nete;A.7.29.5; ;10000;2;Geklasseerd, tweede categorie;10;Netebekken;Schelde;100;Basiskwaliteit;2;< 0.25 m;501;L107_705;6085,58;0,058536;orginele steekproeftrekking 2014 & steekproefvernieuwing2021;gemeten in 2021;steekproefvernieuwing2022_2e_cylcus;;0;
59;GroNe_04;1568;1_4_1568;GROTE NETE;10-50;intersecting or downstream;Antwerpen;209673,6943;206272,4087;18,283624;931702;>10;17;3;;9227;358222;38691;1502746;8501;Grote Nete;A.7; ;10000;2;Geklasseerd, tweede categorie;10;Netebekken;Schelde;310;Viswater;2;< 0.25 m;500;L107_708;1384,71;2,222395;orginele steekproeftrekking 2014;gemeten <= 2019;;;0;
60;Renne_06;383;1_4_383;RENNE;<10;intersecting or downstream;Limburg;247300,2492;207244,4287;6,867188;7401874;<10;17;4;;34598;423208;55593;6010710;10143;Renne;L20; ;W7.02;2;Geklasseerd, tweede categorie;11;Maasbekken;Maas;100;Basiskwaliteit;0;10 tot 2.5 m;922;L213_141;1207,65;0,003917;orginele steekproeftrekking 2014;gemeten <= 2019;;;0;
61;AntGr_03;1692;1_4_1692;ANTITANKKANAAL;<10;intersecting or downstream;Antwerpen;167003,1074;213204,267;6,636086;7550870;<10;18;5;;18846;375697;93341;6042142;17603;Antitankkanaal; ; ;V0101;1;Geklasseerd, eerste categorie;4;Beneden-Scheldebekken;Schelde;310;Viswater;0;10 tot 2.5 m;108;L111_1114;2077,03;0,000013;orginele steekproeftrekking 2014;gemeten <= 2019;;;0;
62;Dommel_03;95;1_4_95;DOMMEL;>50;intersecting or downstream;Limburg;224626,8689;212537,6351;15,739421;946450;>10;18;3;2022;22614;380000;62394;6018059;9512;Dommel;L6; ;V0102;1;Geklasseerd, eerste categorie;11;Maasbekken;Maas;310;Viswater;2;< 0.25 m;935;VL05_136;666,54;0,001735;orginele steekproeftrekking 2014;gemeten <= 2019;steekproefvernieuwing2022_2e_cylcus;gemeten in 2022;0;
63;BorBe_01;1011;1_4_1011;BORNEBEEK;<10;intersecting or downstream;West-Vlaanderen;74428,09023;200450,4407;11,769112;8185921;<10;19;5;;20360;396446;68049;6022898;1179;Bornebeek;WO.11.; ;30000;2;Geklasseerd, tweede categorie;2;Bekken Brugse polders;Brugse Polders;100;Basiskwaliteit;1;2.5 tot 0.25 m;155;L213_164;2571,52;0,0033;orginele steekproeftrekking 2014;gemeten <= 2019;;;0;
64;IttBe_01;516;1_4_516;ITTERBEEK;10-50;intersecting or downstream;Limburg;239836,4095;202029,3509;1,407089;947026;>10;19;3;2022;10689;361170;56174;6010577;9522;Itterbeek;L24; ;70000;2;Geklasseerd, tweede categorie;11;Maasbekken;Maas;310;Viswater;0;10 tot 2.5 m;922;L111_1088;1914,12;0,004415;orginele steekproeftrekking 2014;gemeten <= 2019;steekproefvernieuwing2022_2e_cylcus;gemeten in 2022;0;
65;Dommel_01o;1105;1_4_1105;DOMMEL;>50;intersecting or downstream;Limburg;223946,2052;218194,3706;13,312205;1001746;>10;20;3;;6083;393053;35597;3600492;10063;Over De Dommelloop;L776; ;72025;3;Geklasseerd, derde categorie;11;Maasbekken;Maas;100;Basiskwaliteit;2;< 0.25 m;935;NL_M;615,88;13,901762;orginele steekproeftrekking 2014;gemeten <= 2019 (maar verplaatst);;;-1;
66;Renne_02;395;1_4_395;RENNE;<10;intersecting or downstream;Limburg;246562,8942;206416,0221;5,635258;8319378;<10;20;5;;4144;391006;56055;6011050;10143;Renne;L20; ;70000;2;Geklasseerd, tweede categorie;11;Maasbekken;Maas;100;Basiskwaliteit;2;< 0.25 m;922;L213_141;18,09;0,0024;orginele steekproeftrekking 2014;gemeten <= 2019;;;0;
67;Abeek_03;368;1_4_368;ABEEK;<10;intersecting or downstream;Limburg;230959,3509;196931,728;17,625791;8417234;<10;21;5;;36656;399678;82361;6031304;9505;Abeek;L19; ;W7.13;2;Geklasseerd, tweede categorie;11;Maasbekken;Maas;310;Viswater;0;10 tot 2.5 m;921;L213_133;2990,11;9,715905;orginele steekproeftrekking 2014;gemeten <= 2019;;;0;
68;Dommel_10;1117;1_4_1117;DOMMEL;>50;intersecting or downstream;Limburg;223461,3057;217154,0529;14,316452;1018130;>10;21;3;2023;44561;425718;62594;6018150;9512;Dommel;L6; ;V0102;1;Geklasseerd, eerste categorie;11;Maasbekken;Maas;310;Viswater;2;< 0.25 m;935;VL05_136;737,62;3,175036;orginele steekproeftrekking 2014;gemeten <= 2019;steekproefvernieuwing2022_2e_cylcus;gemeten in 2022;0;
69;GouLo_09;815;1_4_815;GOUWBERGSE LOOP;<10;intersecting or downstream;Antwerpen;180499,4652;243103,0442;18,155911;8469598;<10;22;5;;32131;386758;74307;6027571;10163;Gouwbergse Loop;A.4.04; ;W1.01;2;Geklasseerd, tweede categorie;11;Maasbekken;Maas;310;Viswater;2;< 0.25 m;945;L213NL;779,53;2,8115;orginele steekproeftrekking 2014;gemeten <= 2019;;;0;
70;Maas_18;1811;1_4_1811;MAAS;>50;intersecting or downstream;Limburg;243005,0078;176670,6351;15,489548;1135858;>10;22;3;2023;24071;373363;22349;6000026;9501;Maas;BV44;BV440;V0060;0;Bevaarbaar;11;Maasbekken;Maas;310;Viswater;2;< 0.25 m;910;VL11_203;14019,75;0,002808;orginele steekproeftrekking 2014;gemeten <= 2019;steekproefvernieuwing2022_2e_cylcus;gemeten in 2023;0;
71;WarBe_01;422;1_4_422;WARMBEEK;>50;intersecting or downstream;Limburg;228633,3704;214184,0483;7,38981;1269266;>10;23;3;;26796;372117;54306;6010064;9508;Warmbeek;L60; ;V0102;1;Geklasseerd, eerste categorie;11;Maasbekken;Maas;310;Viswater;2;< 0.25 m;931;VL05_147;1660,86;0,002602;orginele steekproeftrekking 2014;gemeten <= 2019;;;0;
72;ZwaBe_01;1459;1_4_1459;ZWARTEBEEK;<10;intersecting or downstream;Limburg;219906,5164;198739,059;6,979049;8976594;<10;23;6;;127;425095;92198;6040681;7157;Zwarte Beek;L14; ;W7.01;2;Geklasseerd, tweede categorie;9;Demerbekken;Schelde;310;Viswater;1;2.5 tot 0.25 m;662;L213_117;1202,72;1,235292;orginele steekproeftrekking 2014;gemeten <= 2019;;;0;
73;BolBe_08_o;491;1_4_491;BOLLISENBEEK;10-50;intersecting or downstream;Limburg;222732,9645;204137,1834;16,143739;1296146;>10;24;3;;37326;359715;82135;6031250;9702;Bollisenbeek;L71; ;W7.10;2;Geklasseerd, tweede categorie;11;Maasbekken;Maas;310;Viswater;2;< 0.25 m;935;L107_854;130,4;3,359076;orginele steekproeftrekking 2014;gemeten <= 2019 (maar verplaatst);;;-1;
74;Renne_07;390;1_4_390;RENNE;<10;intersecting or downstream;Limburg;246848,55;206803,7081;6,328407;9302418;<10;24;6;;34598;423208;55593;6010710;10143;Renne;L20; ;W7.02;2;Geklasseerd, tweede categorie;11;Maasbekken;Maas;100;Basiskwaliteit;0;10 tot 2.5 m;922;L213_141;1207,65;0,001845;orginele steekproeftrekking 2014;gemeten <= 2019;;;0;
75;GouLo_04;824;1_4_824;GOUWBERGSE LOOP;<10;intersecting or downstream;Antwerpen;181146,8851;242741,9545;8,295026;9436254;<10;25;6;;9982;416703;26360;1000593;10163;Gouwbergse Loop;A.4.04; ;W1.01;2;Geklasseerd, tweede categorie;11;Maasbekken;Maas;310;Viswater;2;< 0.25 m;945;L213NL;1176,94;1,955158;orginele steekproeftrekking 2014;gemeten <= 2019;;;0;
76;Maas_19;1824;1_4_1824;MAAS;>50;intersecting or downstream;Limburg;243401,5278;177860,9634;15,039577;1309170;>10;25;4;2023;24071;373363;22349;6000026;9501;Maas;BV44;BV440;V0060;0;Bevaarbaar;11;Maasbekken;Maas;310;Viswater;2;< 0.25 m;910;VL11_203;14019,75;0,000374;orginele steekproeftrekking 2014;gemeten <= 2019;steekproefvernieuwing2022_2e_cylcus;gemeten in 2023;0;
77;Asbeek_01;1765;1_4_1765;ASBEEK;10-50;intersecting or downstream;Antwerpen;207272,8843;203969,3144;17,068566;1480566;>10;26;4;;9226;358221;56692;6012144;8953;Asbeek;A.7.33; ;10000;2;Geklasseerd, tweede categorie;10;Netebekken;Schelde;100;Basiskwaliteit;2;< 0.25 m;500;L111_1065;4048,67;0,540407;orginele steekproeftrekking 2014;gemeten <= 2019;;;0;
78;GieBe_03;945;1_4_945;GIELISBEEK;<10;intersecting or downstream;Limburg;228204,4071;200694,2246;16,890097;9844690;<10;26;6;;24467;398841;82351;6031294;9663;Gielisbeek;L87; ;W7.13;2;Geklasseerd, tweede categorie;11;Maasbekken;Maas;310;Viswater;0;10 tot 2.5 m;921;L213_133;5505,7;0,002192;orginele steekproeftrekking 2014;gemeten <= 2019;;;0;
79;Abeek_06;541;1_4_541;ABEEK;<10;intersecting or downstream;Limburg;230428,2987;198290,7908;4,852762;10930130;<10;27;7;;39989;412966;82365;6031308;9505;Abeek;L19; ;W7.13;2;Geklasseerd, tweede categorie;11;Maasbekken;Maas;310;Viswater;0;10 tot 2.5 m;921;L213_133;290,65;2,69094;orginele steekproeftrekking 2014;gemeten <= 2019;;;0;
80;Maas_11;207;1_4_207;MAAS;>50;intersecting or downstream;Limburg;247213,8569;187245,5671;16,274087;1484114;>10;27;4;2023;8201;356824;22345;6000008;9501;Maas;BV44;BV440;V0060;0;Bevaarbaar;11;Maasbekken;Maas;310;Viswater;2;< 0.25 m;920;VL11_203;7589,74;0,001555;orginele steekproeftrekking 2014;gemeten <= 2019;steekproefvernieuwing2022_2e_cylcus;gemeten in 2023;0;
81;BriLo_06;882;1_4_882;BRISDILLOOP;<10;intersecting or downstream;Antwerpen;211215,1556;204948,3272;15,716839;11085430;<10;28;7;;38444;389267;66403;6021805;9048;Brisdilloop;A.7.33.2; ;10000;2;Geklasseerd, tweede categorie;10;Netebekken;Schelde;100;Basiskwaliteit;2;< 0.25 m;500;L213_123;2540,38;0,055479;orginele steekproeftrekking 2014;gemeten <= 2019;;;0;
82;LaaBe_01;1471;1_4_1471;LAAKBEEK;10-50;intersecting or downstream;Antwerpen;183457,3626;213567,3044;15,281662;1496534;>10;28;4;;10433;361967;45334;6000484;8572;Laakbeek;A.9.05; ;10000;2;Geklasseerd, tweede categorie;10;Netebekken;Schelde;100;Basiskwaliteit;2;< 0.25 m;541;L111_1052;783,41;1,095764;orginele steekproeftrekking 2014;gemeten <= 2019;;;0;
83;GouLo_05;826;1_4_826;GOUWBERGSE LOOP;<10;intersecting or downstream;Antwerpen;181207,2953;242554,1136;13,551722;12385374;<10;29;7;;9982;416703;26360;1000593;10163;Gouwbergse Loop;A.4.04; ;W1.01;2;Geklasseerd, tweede categorie;11;Maasbekken;Maas;310;Viswater;2;< 0.25 m;945;L213NL;1176,94;5,05843;orginele steekproeftrekking 2014;gemeten <= 2019;;;0;
84;KleNe_07;1147;1_4_1147;KLEINE NETE;>50;intersecting or downstream;Antwerpen;179280,9147;208326,4084;14,83521;1528790;>10;29;4;;40750;426362;103522;7039208;8502;Kleine Nete;A.8; ;V0101;1;Geklasseerd, eerste categorie;10;Netebekken;Schelde;310;Viswater;2;< 0.25 m;532;VL11_127;1125,2;0,002302;orginele steekproeftrekking 2014;gemeten <= 2019;;;0;
85;BolBe_03;475;1_4_475;BOLLISENBEEK;<10;intersecting or downstream;Limburg;223830,7871;198025,9827;7,960512;12995794;<10;30;7;;7992;392488;62874;6018377;9702;Bollisenbeek;L71; ;W7.10;3;Geklasseerd, derde categorie;11;Maasbekken;Maas;310;Viswater;0;10 tot 2.5 m;935;L213_136;2811,62;0,001773;orginele steekproeftrekking 2014;gemeten <= 2019;extra meetpunt in 2022 voor evinbo-project milklim;gemeten in 2022;0;
86;RodLo_02;1286;1_4_1286;RODE LOOP;10-50;intersecting or downstream;Antwerpen;193866,7382;216192,9485;18,604917;1604598;>10;30;4;;5193;433139;97350;7013677;9013;Rode Loop;A.8.20.0; ;10000;2;Geklasseerd, tweede categorie;10;Netebekken;Schelde;100;Basiskwaliteit;2;< 0.25 m;531;L107_723;201,47;0,641396;orginele steekproeftrekking 2014;gemeten <= 2019;;;0;
87;BolBe_04;473;1_4_473;BOLLISENBEEK;<10;intersecting or downstream;Limburg;223739,7659;198200,6878;10,730758;13119698;<10;31;8;;7992;392488;62874;6018377;9702;Bollisenbeek;L71; ;W7.10;3;Geklasseerd, derde categorie;11;Maasbekken;Maas;310;Viswater;0;10 tot 2.5 m;935;L213_136;2811,62;0,002597;orginele steekproeftrekking 2014;gemeten <= 2019;;;0;
88;WarBe_02;435;1_4_435;WARMBEEK;>50;intersecting or downstream;Limburg;228575,49;214719,5494;14,687332;1880594;>10;31;4;;26796;372117;54306;6010064;9508;Warmbeek;L60; ;V0102;1;Geklasseerd, eerste categorie;11;Maasbekken;Maas;310;Viswater;2;< 0.25 m;931;VL05_147;1660,86;0,001241;orginele steekproeftrekking 2014;gemeten <= 2019;;;0;
89;GouLo_14;810;1_4_810;GOUWBERGSE LOOP;<10;intersecting or downstream;Antwerpen;180164,1405;243218,9844;25,913355;13757278;<10;32;8;;32132;386759;74308;6027572;10163;Gouwbergse Loop;A.4.04; ;W1.01;2;Geklasseerd, tweede categorie;11;Maasbekken;Maas;310;Viswater;2;< 0.25 m;945;L213NL;1170,29;1,067569;orginele steekproeftrekking 2014;gemeten <= 2019;;;0;
90;Maas_04;125;1_4_125;MAAS;>50;intersecting or downstream;Limburg;248229,2375;194017,6509;41,558265;1917010;>10;32;4;;8199;356822;22343;6000006;9501;Maas;BV44;BV440;V0060;0;Bevaarbaar;11;Maasbekken;Maas;310;Viswater;2;< 0.25 m;920;VL11_203;2973,21;0,001519;orginele steekproeftrekking 2014;gemeten <= 2019;;;0;
91;GouLo_10;819;1_4_819;GOUWBERGSE LOOP;<10;intersecting or downstream;Antwerpen;180758,8148;242996,3794;9,229871;14154846;<10;33;8;;32131;386758;74307;6027571;10163;Gouwbergse Loop;A.4.04; ;W1.01;2;Geklasseerd, tweede categorie;11;Maasbekken;Maas;310;Viswater;2;< 0.25 m;945;L213NL;779,53;5,166022;orginele steekproeftrekking 2014;gemeten <= 2019;;;0;
92;GroNe_05;1565;1_4_1565;GROTE NETE;10-50;intersecting or downstream;Antwerpen;209496,4283;206289,8014;6,345343;1980278;>10;33;5;;9227;358222;38691;1502746;8501;Grote Nete;A.7; ;10000;2;Geklasseerd, tweede categorie;10;Netebekken;Schelde;310;Viswater;2;< 0.25 m;500;L107_708;1384,71;2,661879;orginele steekproeftrekking 2014;gemeten <= 2019;;;0;
93;GouLo_11;817;1_4_817;GOUWBERGSE LOOP;<10;intersecting or downstream;Antwerpen;180629,4291;243028,0759;10,108532;14761054;<10;34;8;;32131;386758;74307;6027571;10163;Gouwbergse Loop;A.4.04; ;W1.01;2;Geklasseerd, tweede categorie;11;Maasbekken;Maas;310;Viswater;2;< 0.25 m;945;L213NL;779,53;5,398106;orginele steekproeftrekking 2014;gemeten <= 2019;;;0;
94;GroNe_10;1393;1_4_1393;GROTE NETE;>50;intersecting or downstream;Antwerpen;199781,6997;203276,7698;8,218331;2133494;>10;34;5;2023;24789;381916;100846;7027787;8501;Grote Nete;A.7; ;V0101;1;Geklasseerd, eerste categorie;10;Netebekken;Schelde;310;Viswater;2;< 0.25 m;502;VL11_123;668,5;0,003408;orginele steekproeftrekking 2014;gemeten <= 2019;steekproefvernieuwing2022_2e_cylcus;gemeten in 2023;0;
95;GouLo_15;808;1_4_808;GOUWBERGSE LOOP;<10;intersecting or downstream;Antwerpen;180065,9275;243280,4346;4,917778;14805854;<10;35;8;;32132;386759;74308;6027572;10163;Gouwbergse Loop;A.4.04; ;W1.01;2;Geklasseerd, tweede categorie;11;Maasbekken;Maas;310;Viswater;2;< 0.25 m;945;L213NL;1170,29;1,569373;orginele steekproeftrekking 2014;gemeten <= 2019;;;0;
96;KleNe_01;964;1_4_964;KLEINE NETE;>50;intersecting or downstream;Antwerpen;197326,7122;215148,8567;14,932741;2192630;>10;35;5;;1178;424623;103049;7036565;8502;Kleine Nete;A.8; ;V0101;1;Geklasseerd, eerste categorie;10;Netebekken;Schelde;310;Viswater;2;< 0.25 m;530;VL11_126;496,91;0,003488;orginele steekproeftrekking 2014;gemeten <= 2019;;;0;
97;GieBe_04;944;1_4_944;GIELISBEEK;<10;intersecting or downstream;Limburg;228266,6316;200754,6702;13,812883;15087570;<10;36;9;;24467;398841;82351;6031294;9663;Gielisbeek;L87; ;W7.13;2;Geklasseerd, tweede categorie;11;Maasbekken;Maas;310;Viswater;0;10 tot 2.5 m;921;L213_133;5505,7;0,003327;orginele steekproeftrekking 2014;gemeten <= 2019;;;0;
98;Maas_16;222;1_4_222;MAAS;>50;intersecting or downstream;Limburg;246168,5505;186296,6767;34,442763;2221394;>10;36;5;;8202;356825;71032;6025661;9501;Maas;BV44;BV440;V0060;0;Bevaarbaar;11;Maasbekken;Maas;310;Viswater;2;< 0.25 m;920;VL11_203;2265,06;0,002797;orginele steekproeftrekking 2014;gemeten <= 2019;;;0;
99;Berwijn_03;348;1_4_348;BERWIJN;>50;intersecting or downstream;Limburg;245151,9591;161385,9056;4,828103;2241970;>10;37;5;2023;4297;357829;36139;3600721;9536;Berwijn;L03; ;V0102;1;Geklasseerd, eerste categorie;11;Maasbekken;Maas;310;Viswater;2;< 0.25 m;900;VL05_134;5000,33;0,003309;orginele steekproeftrekking 2014;gemeten <= 2019;steekproefvernieuwing2022_2e_cylcus;gemeten in 2022;0;
100;GouLo_06;821;1_4_821;GOUWBERGSE LOOP;<10;intersecting or downstream;Antwerpen;180936,6051;242946,9425;23,561267;15203422;<10;37;9;;9982;416703;26360;1000593;10163;Gouwbergse Loop;A.4.04; ;W1.01;2;Geklasseerd, tweede categorie;11;Maasbekken;Maas;310;Viswater;2;< 0.25 m;945;L213NL;1176,94;4,641475;orginele steekproeftrekking 2014;gemeten <= 2019;;;0;
101;Dommel_09;1110;1_4_1110;DOMMEL;>50;intersecting or downstream;Limburg;223798,5723;217741,6208;7,036944;2246930;>10;38;5;2023;44559;425715;62595;6018151;9512;Dommel;L6; ;V0102;1;Geklasseerd, eerste categorie;11;Maasbekken;Maas;310;Viswater;2;< 0.25 m;935;VL05_136;2431,55;1,112817;orginele steekproeftrekking 2014;gemeten <= 2019;steekproefvernieuwing2022_2e_cylcus;gemeten in 2022;0;
102;GouLo_01;792;1_4_792;GOUWBERGSE LOOP;<10;intersecting or downstream;Antwerpen;178918,8426;243415,8393;13,422553;15522654;<10;38;9;;1779;424554;102980;7033920;10163;Gouwbergse Loop;A.4.04; ;W1.01;2;Geklasseerd, tweede categorie;11;Maasbekken;Maas;310;Viswater;2;< 0.25 m;945;L213NL;501,73;2,325951;orginele steekproeftrekking 2014;gemeten <= 2019;;;0;
103;BorBe_02;1008;1_4_1008;BORNEBEEK;<10;intersecting or downstream;West-Vlaanderen;74266,94055;200677,3347;9,170584;16967745;<10;39;9;;20360;396446;68049;6022898;1179;Bornebeek;WO.11.; ;30000;2;Geklasseerd, tweede categorie;2;Bekken Brugse polders;Brugse Polders;100;Basiskwaliteit;1;2.5 tot 0.25 m;155;L213_164;2571,52;0,000346;orginele steekproeftrekking 2014;gemeten <= 2019;;;0;
104;Maas_20;270;1_4_270;MAAS;>50;intersecting or downstream;Limburg;246741,7192;184338,7835;9,1536;2252274;>10;39;5;2024;24071;373363;22349;6000026;9501;Maas;BV44;BV440;V0060;0;Bevaarbaar;11;Maasbekken;Maas;310;Viswater;2;< 0.25 m;910;VL11_203;14019,75;0,003953;orginele steekproeftrekking 2014;gemeten <= 2019;steekproefvernieuwing2022_2e_cylcus;gemeten in 2023;0;
105;Abeek_05;861;1_4_861;ABEEK;<10;intersecting or downstream;Limburg;230673,2389;195863,1995;15,334676;17279954;<10;40;10;;39744;413386;55420;6010535;9505;Abeek;L19; ;70000;2;Geklasseerd, tweede categorie;11;Maasbekken;Maas;310;Viswater;1;2.5 tot 0.25 m;921;L213_133;399,95;1,178187;orginele steekproeftrekking 2014;gemeten <= 2019;;;0;
106;KleNe_03;603;1_4_603;KLEINE NETE;>50;intersecting or downstream;Antwerpen;184630,4418;208996,0251;12,365363;2291670;>10;40;5;2024;20202;372501;56736;6011607;8502;Kleine Nete;A.8; ;V0101;1;Geklasseerd, eerste categorie;10;Netebekken;Schelde;310;Viswater;2;< 0.25 m;532;VL11_127;1121,31;0,003538;orginele steekproeftrekking 2014;gemeten <= 2019;steekproefvernieuwing2022_2e_cylcus;gemeten in 2023 (uitval);0;
107;BolBe_05;1239;1_4_1239;BOLLISENBEEK;<10;intersecting or downstream;Limburg;222714,8836;199078,0872;8,471;17963218;<10;41;10;;7992;392488;62874;6018377;9702;Bollisenbeek;L71; ;W7.10;3;Geklasseerd, derde categorie;11;Maasbekken;Maas;310;Viswater;0;10 tot 2.5 m;935;L213_136;2811,62;0,002624;orginele steekproeftrekking 2014;gemeten <= 2019;;;0;
108;Maas_05;118;1_4_118;MAAS;>50;intersecting or downstream;Limburg;248393,3584;194692,6883;15,075944;2342994;>10;41;6;2024;8199;356822;22343;6000006;9501;Maas;BV44;BV440;V0060;0;Bevaarbaar;11;Maasbekken;Maas;310;Viswater;2;< 0.25 m;920;VL11_203;2973,21;0,000398;orginele steekproeftrekking 2014;gemeten <= 2019;steekproefvernieuwing2022_2e_cylcus;gemeten in 2023;0;
109;BosBe_02;55;1_4_55;BOSBEEK;>50;intersecting or downstream;Limburg;242952,8634;197998,6957;11,286407;2369362;>10;42;6;2024;36240;358563;39722;28732;10004;Bosbeek;L52; ;V0102;1;Geklasseerd, eerste categorie;11;Maasbekken;Maas;100;Basiskwaliteit;2;< 0.25 m;922;VL05_135;3276,8;0,003965;orginele steekproeftrekking 2014;gemeten <= 2019;steekproefvernieuwing2022_2e_cylcus;gemeten in 2023;0;
110;GouLo_07;820;1_4_820;GOUWBERGSE LOOP;<10;intersecting or downstream;Antwerpen;180842,8059;242969,4784;17,428929;18349150;<10;42;10;;9982;416703;26360;1000593;10163;Gouwbergse Loop;A.4.04; ;W1.01;2;Geklasseerd, tweede categorie;11;Maasbekken;Maas;310;Viswater;2;< 0.25 m;945;L213NL;1176,94;9,365551;orginele steekproeftrekking 2014;gemeten <= 2019;;;0;
111;GroNe_09;1402;1_4_1402;GROTE NETE;>50;intersecting or downstream;Antwerpen;200562,0601;203135,9229;18,285444;2465270;>10;43;6;;13827;363441;35155;28484;8501;Grote Nete;A.7; ;V0101;1;Geklasseerd, eerste categorie;10;Netebekken;Schelde;310;Viswater;2;< 0.25 m;502;VL11_123;2028,77;0,002955;orginele steekproeftrekking 2014;gemeten <= 2019;;;0;
112;OudDo_01;109;1_4_109;OUDE DOMMEL;<10;intersecting or downstream;Limburg;225054,0835;211009,2566;12,866328;18530578;<10;43;10;;12346;416025;96596;7008864;9816;Oude Dommel;L66; ;V0102;2;Geklasseerd, tweede categorie;11;Maasbekken;Maas;100;Basiskwaliteit;1;2.5 tot 0.25 m;935;L213_136;495,97;0,176279;orginele steekproeftrekking 2014;gemeten <= 2019;;;0;
113;Maas_21;1859;1_4_1859;MAAS;>50;intersecting or downstream;Limburg;245486,0601;179315,6867;17,385612;2476530;>10;44;6;2024;24071;373363;22349;6000026;9501;Maas;BV44;BV440;V0060;0;Bevaarbaar;11;Maasbekken;Maas;310;Viswater;2;< 0.25 m;910;VL11_203;14019,75;0,000334;orginele steekproeftrekking 2014;gemeten <= 2019;steekproefvernieuwing2022_2e_cylcus;gemeten in 2023;0;
114;ZwaBe_02;1461;1_4_1461;ZWARTEBEEK;<10;intersecting or downstream;Limburg;220057,3561;198860,9877;4,382992;18675922;<10;44;10;;127;425095;92198;6040681;7157;Zwarte Beek;L14; ;W7.01;2;Geklasseerd, tweede categorie;9;Demerbekken;Schelde;310;Viswater;1;2.5 tot 0.25 m;662;L213_117;1202,72;2,539384;orginele steekproeftrekking 2014;gemeten <= 2019;extra meetpunt in 2022 voor evinbo-project milklim;gemeten in 2022;0;
115;BriLo_07;870;1_4_870;BRISDILLOOP;<10;intersecting or downstream;Antwerpen;210026,3292;204876,592;12,827789;18872182;<10;45;11;;38444;389267;66403;6021805;9048;Brisdilloop;A.7.33.2; ;10000;2;Geklasseerd, tweede categorie;10;Netebekken;Schelde;100;Basiskwaliteit;2;< 0.25 m;500;L213_123;2540,38;0,255855;orginele steekproeftrekking 2014;gemeten <= 2019;;;0;
116;Maas_22;292;1_4_292;MAAS;>50;intersecting or downstream;Limburg;247113,5827;182946,6052;16,619891;2477554;>10;45;6;2024;24071;373363;22349;6000026;9501;Maas;BV44;BV440;V0060;0;Bevaarbaar;11;Maasbekken;Maas;310;Viswater;2;< 0.25 m;910;VL11_203;14019,75;0,003466;orginele steekproeftrekking 2014;gemeten <= 2019;steekproefvernieuwing2022_2e_cylcus;gemeten in 2023;0;
117;BriLo_08;878;1_4_878;BRISDILLOOP;<10;intersecting or downstream;Antwerpen;210810,8516;204865,8815;12,535271;19801718;<10;46;11;;38444;389267;66403;6021805;9048;Brisdilloop;A.7.33.2; ;10000;2;Geklasseerd, tweede categorie;10;Netebekken;Schelde;100;Basiskwaliteit;2;< 0.25 m;500;L213_123;2540,38;0,074596;orginele steekproeftrekking 2014;gemeten <= 2019;;;0;
118;Maas_12;200;1_4_200;MAAS;>50;intersecting or downstream;Limburg;247577,6816;187835,5887;33,648164;2548050;>10;46;6;2024;8201;356824;22345;6000008;9501;Maas;BV44;BV440;V0060;0;Bevaarbaar;11;Maasbekken;Maas;310;Viswater;2;< 0.25 m;920;VL11_203;7589,74;0,002966;orginele steekproeftrekking 2014;gemeten <= 2019;steekproefvernieuwing2022_2e_cylcus;gemeten in 2023 (uitval);0;
119;GouLo_16;796;1_4_796;GOUWBERGSE LOOP;<10;intersecting or downstream;Antwerpen;179192,2455;243332,504;23,019934;20241246;<10;47;11;;32396;386753;74304;6027568;10163;Gouwbergse Loop;A.4.04; ;W1.01;2;Geklasseerd, tweede categorie;11;Maasbekken;Maas;310;Viswater;2;< 0.25 m;945;L213NL;371,4;1,946798;orginele steekproeftrekking 2014;niet bezocht voor 2019 --> geschrapt en vervangen door nieuwe steekproeftrekking in 2020;;;0;
120;Voer_02;956;1_4_956;VOER;10-50;intersecting or downstream;Limburg;251490,8619;160895,34;15,685379;2589570;>10;47;6;2024;7499;359045;36150;28557;9574;Voer;L001; ;70000;2;Geklasseerd, tweede categorie;11;Maasbekken;Maas;310;Viswater;2;< 0.25 m;900;L107_891;1506,83;0,0038;orginele steekproeftrekking 2014;gemeten <= 2019;steekproefvernieuwing2022_2e_cylcus;gemeten in 2023 (uitval);0;
121;Abeek_02;44;1_4_44;ABEEK;>50;intersecting or downstream;Limburg;238208,4749;208398,335;2,891417;2608274;>10;48;6;;17593;364336;30122;27608;9505;Abeek;L19; ;V0102;1;Geklasseerd, eerste categorie;11;Maasbekken;Maas;310;Viswater;2;< 0.25 m;921;VL11_133;1073,84;0,002599;orginele steekproeftrekking 2014;gemeten <= 2019;;;0;
122;BolBe_06;476;1_4_476;BOLLISENBEEK;<10;intersecting or downstream;Limburg;223875,1057;197937,9517;6,718049;20335826;<10;48;11;;7992;392488;62874;6018377;9702;Bollisenbeek;L71; ;W7.10;3;Geklasseerd, derde categorie;11;Maasbekken;Maas;310;Viswater;0;10 tot 2.5 m;935;L213_136;2811,62;0,00171;orginele steekproeftrekking 2014;gemeten <= 2019;;;0;
123;DesNe_03;1458;1_4_1458;DESSELSE NEET;10-50;intersecting or downstream;Antwerpen;202424,0752;217095,3648;8,716676;2685046;>10;49;7;2024;4300;357836;78652;6030580;8710;Desselse Neet;A.8.22; ;10000;2;Geklasseerd, tweede categorie;10;Netebekken;Schelde;100;Basiskwaliteit;2;< 0.25 m;530;L111_717;2915,92;1,242456;orginele steekproeftrekking 2014;gemeten <= 2019;steekproefvernieuwing2022_2e_cylcus;gemeten in 2023 (uitval);0;
124;Renne_01;397;1_4_397;RENNE;<10;intersecting or downstream;Limburg;246378,9324;206356,8269;14,934359;20640146;<10;49;12;;3830;392820;56163;6010566;10143;Renne;L20; ;W7.02;2;Geklasseerd, tweede categorie;11;Maasbekken;Maas;100;Basiskwaliteit;0;10 tot 2.5 m;922;L213_141;275,03;0,0026;orginele steekproeftrekking 2014;niet bezocht voor 2019 --> geschrapt en vervangen door nieuwe steekproeftrekking in 2020;;;0;
125;KlHGr_01;1273;1_4_1273;KLEINE HOOFDGRACHT;10-50;intersecting or downstream;Antwerpen;208308,7739;206144,7075;16,046215;2746230;>10;50;7;;20528;371415;97361;7013692;8797;Kleine Hoofdgracht;A.7.34; ;10000;2;Geklasseerd, tweede categorie;10;Netebekken;Schelde;310;Viswater;2;< 0.25 m;500;L111_707;1055,19;1,147716;orginele steekproeftrekking 2014;gemeten <= 2019;;;0;
126;NooBe_02;1016;1_4_1016;NOORBEEK;<10;intersecting or downstream;Limburg;249751,0269;162350,342;6,569045;20651442;<10;50;12;;36270;400391;36132;3600616;9682;Noorbeek;L003; ;70000;2;Geklasseerd, tweede categorie;11;Maasbekken;Maas;100;Basiskwaliteit;2;< 0.25 m;900;NL_M;2038,38;0,003452;orginele steekproeftrekking 2014;niet bezocht voor 2019 --> geschrapt en vervangen door nieuwe steekproeftrekking in 2020;;;0;
127;Maas_23;1815;1_4_1815;MAAS;>50;intersecting or downstream;Limburg;243237,7926;176989,8337;18,228712;2853618;>10;51;7;2024;24071;373363;22349;6000026;9501;Maas;BV44;BV440;V0060;0;Bevaarbaar;11;Maasbekken;Maas;310;Viswater;2;< 0.25 m;910;VL11_203;14019,75;0,00154;orginele steekproeftrekking 2014;gemeten <= 2019;steekproefvernieuwing2022_2e_cylcus;gemeten in 2023;0;
128;ZutBe_01;1521;1_4_1521;ZUTENDAALBEEK;<10;intersecting or downstream;Limburg;232206,8186;177351,9614;16,003141;21387058;<10;51;12;;5542;392224;45468;6000937;7921;Zutendaalbeek;L120; ;70000;2;Geklasseerd, tweede categorie;9;Demerbekken;Schelde;310;Viswater;0;10 tot 2.5 m;600;L213_114;979,4;0,001254;orginele steekproeftrekking 2014;niet bezocht voor 2019 --> geschrapt en vervangen door nieuwe steekproeftrekking in 2020;;;0;
129;BolBe_07;478;1_4_478;BOLLISENBEEK;<10;intersecting or downstream;Limburg;223898,1807;197745,4415;4,765651;21646546;<10;52;12;;7992;392488;62874;6018377;9702;Bollisenbeek;L71; ;W7.10;3;Geklasseerd, derde categorie;11;Maasbekken;Maas;310;Viswater;0;10 tot 2.5 m;935;L213_136;2811,62;0,000016;orginele steekproeftrekking 2014;niet bezocht voor 2019 --> geschrapt en vervangen door nieuwe steekproeftrekking in 2020;;;0;
130;Dommel_06;926;1_4_926;DOMMEL;>50;intersecting or downstream;Limburg;224866,8487;209874,3322;6,740147;2992914;>10;52;7;;27568;380238;62677;6018233;9512;Dommel;L6; ;V0102;1;Geklasseerd, eerste categorie;11;Maasbekken;Maas;310;Viswater;2;< 0.25 m;935;VL05_136;1097,69;0,002965;orginele steekproeftrekking 2014;gemeten <= 2019;;;0;
131;OudDo_02;108;1_4_108;OUDE DOMMEL;<10;intersecting or downstream;Limburg;225028,6502;211109,9435;10,796713;21938450;<10;53;12;;12346;416025;96596;7008864;9816;Oude Dommel;L66; ;V0102;2;Geklasseerd, tweede categorie;11;Maasbekken;Maas;100;Basiskwaliteit;1;2.5 tot 0.25 m;935;L213_136;495,97;0,492845;orginele steekproeftrekking 2014;niet bezocht voor 2019 --> geschrapt en vervangen door nieuwe steekproeftrekking in 2020;;;0;
132;RodLo_01;1292;1_4_1292;RODE LOOP;10-50;intersecting or downstream;Antwerpen;193714,5963;216777,5937;11,888417;3009526;>10;53;7;;5188;433134;23071;1000403;9013;Rode Loop;A.8.20.0; ;10000;2;Geklasseerd, tweede categorie;10;Netebekken;Schelde;100;Basiskwaliteit;2;< 0.25 m;531;L107_723;1593,9;0,195112;orginele steekproeftrekking 2014;gemeten <= 2019;;;0;
133;BriLo_02;1420;1_4_1420;BRISDILLOOP;10-50;intersecting or downstream;Antwerpen;209691,6441;204755,9821;6,183306;3012470;>10;54;7;;37323;359677;66402;6021804;9048;Brisdilloop;A.7.33.2; ;10000;2;Geklasseerd, tweede categorie;10;Netebekken;Schelde;100;Basiskwaliteit;2;< 0.25 m;500;L111_1065;2170,32;2,163205;orginele steekproeftrekking 2014;gemeten <= 2019;;;0;
134;Maas_02;253;1_4_253;MAAS;>50;intersecting or downstream;Limburg;245296,8162;183718,3206;14,965022;3034610;>10;55;7;;7383;356598;22347;6000010;9501;Maas;BV44;BV440;V0060;0;Bevaarbaar;11;Maasbekken;Maas;310;Viswater;2;< 0.25 m;910;VL11_203;1179,26;0,003588;orginele steekproeftrekking 2014;gemeten <= 2019;;;0;
135;GroNe_12o;1602;1_4_1602;GROTE NETE;10-50;intersecting or downstream;Antwerpen;212018,0926;205957,9558;14,099106;3057270;>10;56;7;;27695;382231;101161;7026344;8501;Grote Nete;A.7; ;10000;2;Geklasseerd, tweede categorie;10;Netebekken;Schelde;100;Basiskwaliteit;0;10 tot 2.5 m;500;L107_708;1716,16;0,003127;orginele steekproeftrekking 2014;gemeten <= 2019 (maar verplaatst);;;-1;
136;GroNe_02;1575;1_4_1575;GROTE NETE;10-50;intersecting or downstream;Antwerpen;210170,4208;206329,9601;12,263651;3097462;>10;57;8;;253;426460;103620;7039002;8501;Grote Nete;A.7; ;10000;2;Geklasseerd, tweede categorie;10;Netebekken;Schelde;310;Viswater;0;10 tot 2.5 m;500;L107_708;1614,73;3,192689;orginele steekproeftrekking 2014;gemeten <= 2019;;;0;
137;KleNe_02;631;1_4_631;KLEINE NETE;>50;intersecting or downstream;Antwerpen;187108,7044;209979,4815;15,142273;3114742;>10;58;8;;7132;361542;56739;6011610;8502;Kleine Nete;A.8; ;V0101;1;Geklasseerd, eerste categorie;10;Netebekken;Schelde;310;Viswater;2;< 0.25 m;532;VL11_127;996,12;0,204823;orginele steekproeftrekking 2014;gemeten <= 2019;;;0;
138;Maas_01o;969;1_4_969;MAAS;>50;intersecting or downstream;Limburg;253223,7586;203857,3388;10,665968;3115490;>10;59;8;;6281;362060;39709;3601124;9501;Maas;BV44;BV440;V0060;0;Bevaarbaar;11;Maasbekken;Maas;310;Viswater;2;< 0.25 m;922;VL11_203;3975,2;0,000333;orginele steekproeftrekking 2014;gemeten <= 2019 (maar verplaatst);;;-1;
139;Berwijn_04;359;1_4_359;BERWIJN;>50;intersecting or downstream;Limburg;245580,9837;161040,0032;15,507304;3173042;>10;60;8;2025;4297;357829;36139;3600721;9536;Berwijn;L03; ;V0102;1;Geklasseerd, eerste categorie;11;Maasbekken;Maas;310;Viswater;2;< 0.25 m;900;VL05_134;5000,33;0,000382;orginele steekproeftrekking 2014;gemeten <= 2019;steekproefvernieuwing2022_2e_cylcus;gemeten in 2023 (uitval);0;
140;Maas_24;1852;1_4_1852;MAAS;>50;intersecting or downstream;Limburg;245288,1166;178665,0234;11,690925;3197426;>10;61;8;2025;24071;373363;22349;6000026;9501;Maas;BV44;BV440;V0060;0;Bevaarbaar;11;Maasbekken;Maas;310;Viswater;2;< 0.25 m;910;VL11_203;14019,75;0,002112;orginele steekproeftrekking 2014;gemeten <= 2019;steekproefvernieuwing2022_2e_cylcus;;0;
141;Maas_13;158;1_4_158;MAAS;>50;intersecting or downstream;Limburg;248600,9169;191609,4399;12,253254;3238226;>10;62;8;;8201;356824;22345;6000008;9501;Maas;BV44;BV440;V0060;0;Bevaarbaar;11;Maasbekken;Maas;310;Viswater;2;< 0.25 m;920;VL11_203;7589,74;0,00254;orginele steekproeftrekking 2014;gemeten <= 2019;;;0;
142;Dommel_02o;1054;1_4_1054;DOMMEL;>50;intersecting or downstream;Limburg;224535,3013;213300,7056;9,111865;3240210;>10;63;8;;22606;379992;62660;6018216;9512;Dommel;L6; ;V0102;1;Geklasseerd, eerste categorie;11;Maasbekken;Maas;310;Viswater;2;< 0.25 m;935;VL05_136;513,81;0,001329;orginele steekproeftrekking 2014;gemeten <= 2019 (maar verplaatst);;;-1;
143;BolBe_01;466;1_4_466;BOLLISENBEEK;10-50;intersecting or downstream;Limburg;222140,8157;199704,1212;10,037687;3266770;>10;64;8;;7542;359445;62873;6018376;9702;Bollisenbeek;L71; ;W7.10;2;Geklasseerd, tweede categorie;11;Maasbekken;Maas;310;Viswater;0;10 tot 2.5 m;935;L107_854;2165,44;0,004099;orginele steekproeftrekking 2014;gemeten <= 2019;extra meetpunt in 2022 voor evinbo-project milklim;gemeten in 2022;0;
144;HanLo_01o;831;1_4_831;HANSKENSELSLOOP;10-50;intersecting or downstream;Antwerpen;206360,8603;204632,512;11,424356;3303286;>10;65;9;;42287;388893;83078;6031976;8882;Hanskeselsloop;A.7.33; ;10000;2;Geklasseerd, tweede categorie;10;Netebekken;Schelde;100;Basiskwaliteit;2;< 0.25 m;500;L213_123;1220,58;1,912205;orginele steekproeftrekking 2014;gemeten <= 2019 (maar verplaatst);;;-1;
145;DesNe_04;850;1_4_850;DESSELSE NEET;10-50;intersecting or downstream;Antwerpen;200362,1959;215760,9605;12,921455;3378422;>10;66;9;;4305;357848;78451;6030567;8710;Desselse Neet;A.8.22; ;10000;2;Geklasseerd, tweede categorie;10;Netebekken;Schelde;100;Basiskwaliteit;2;< 0.25 m;530;L111_717;1360,7;1,425502;orginele steekproeftrekking 2014;gemeten <= 2019;;;0;
146;Maas_14;173;1_4_173;MAAS;>50;intersecting or downstream;Limburg;248250,0068;190286,2745;3,588816;3402066;>10;67;9;2025;8201;356824;22345;6000008;9501;Maas;BV44;BV440;V0060;0;Bevaarbaar;11;Maasbekken;Maas;310;Viswater;2;< 0.25 m;920;VL11_203;7589,74;0,002122;orginele steekproeftrekking 2014;gemeten <= 2019;steekproefvernieuwing2022_2e_cylcus;gemeten in 2023;0;
147;Maas_06;128;1_4_128;MAAS;>50;intersecting or downstream;Limburg;248118,5225;193739,0394;25,119387;3406162;>10;68;9;2025;8199;356822;22343;6000006;9501;Maas;BV44;BV440;V0060;0;Bevaarbaar;11;Maasbekken;Maas;310;Viswater;2;< 0.25 m;920;VL11_203;2973,21;0,001346;orginele steekproeftrekking 2014;gemeten <= 2019;steekproefvernieuwing2022_2e_cylcus;gemeten in 2023;0;
148;Voer_06;1041;1_4_1041;VOER;10-50;intersecting or downstream;Limburg;250076,5448;161383,8616;6,33906;3431858;>10;69;9;2025;22087;370131;96600;7008866;9574;Voer;L001; ;70000;2;Geklasseerd, tweede categorie;11;Maasbekken;Maas;310;Viswater;2;< 0.25 m;900;L107_891;1709,11;0,00336;orginele steekproeftrekking 2014;gemeten <= 2019;steekproefvernieuwing2022_2e_cylcus;gemeten in 2023;0;
149;Asbeek_02;1759;1_4_1759;ASBEEK;10-50;intersecting or downstream;Antwerpen;206838,2045;204157,8419;17,376808;3446646;>10;70;9;;9226;358221;56692;6012144;8953;Asbeek;A.7.33; ;10000;2;Geklasseerd, tweede categorie;10;Netebekken;Schelde;100;Basiskwaliteit;2;< 0.25 m;500;L111_1065;4048,67;1,766446;orginele steekproeftrekking 2014;gemeten <= 2019;;;0;
150;Dommel_07;919;1_4_919;DOMMEL;>50;intersecting or downstream;Limburg;224673,7479;210456,4211;11,113781;3481874;>10;71;9;;27568;380238;62677;6018233;9512;Dommel;L6; ;V0102;1;Geklasseerd, eerste categorie;11;Maasbekken;Maas;310;Viswater;2;< 0.25 m;935;VL05_136;1097,69;0,002461;orginele steekproeftrekking 2014;gemeten <= 2019;;;0;
151;Voer_01;9;1_4_9;VOER;10-50;intersecting or downstream;Limburg;246975,4858;162158,3508;1,908662;3483058;>10;72;9;2025;7498;359044;36148;3600745;9574;Voer;L001; ;V0102;1;Geklasseerd, eerste categorie;11;Maasbekken;Maas;310;Viswater;2;< 0.25 m;900;L107_891;401;0,003801;orginele steekproeftrekking 2014;gemeten <= 2019;steekproefvernieuwing2022_2e_cylcus;gemeten in 2023 (uitval);0;
152;GroNe_07;1535;1_4_1535;GROTE NETE;10-50;intersecting or downstream;Antwerpen;207480,5224;205708,6977;5,263574;3729270;>10;73;10;2025;9228;358223;56218;6012150;8501;Grote Nete;A.7; ;10000;2;Geklasseerd, tweede categorie;10;Netebekken;Schelde;310;Viswater;2;< 0.25 m;500;L107_708;1385,31;2,1016;orginele steekproeftrekking 2014;gemeten <= 2019;steekproefvernieuwing2022_2e_cylcus;gemeten in 2023 (uitval);0;
153;Maas_25;1810;1_4_1810;MAAS;>50;intersecting or downstream;Limburg;242930,589;176604,6181;27,330707;3757298;>10;74;10;2025;24071;373363;22349;6000026;9501;Maas;BV44;BV440;V0060;0;Bevaarbaar;11;Maasbekken;Maas;310;Viswater;2;< 0.25 m;910;VL11_203;14019,75;0,003073;orginele steekproeftrekking 2014;gemeten <= 2019;steekproefvernieuwing2022_2e_cylcus;gemeten in 2023;0;
154;Berwijn_05;317;1_4_317;BERWIJN;>50;intersecting or downstream;Limburg;242803,094;161362,5151;11,383356;3799218;>10;75;10;2025;4297;357829;36139;3600721;9536;Berwijn;L03; ;V0102;1;Geklasseerd, eerste categorie;11;Maasbekken;Maas;310;Viswater;2;< 0.25 m;900;VL05_134;5000,33;0,00064;orginele steekproeftrekking 2014;gemeten <= 2019;steekproefvernieuwing2022_2e_cylcus;gemeten in 2023 (uitval);0;
155;Maas_26;259;1_4_259;MAAS;>50;intersecting or downstream;Limburg;245884,0881;183716,2758;40,170543;3886578;>10;76;10;2025;24071;373363;22349;6000026;9501;Maas;BV44;BV440;V0060;0;Bevaarbaar;11;Maasbekken;Maas;310;Viswater;2;< 0.25 m;910;VL11_203;14019,75;0,003871;orginele steekproeftrekking 2014;gemeten <= 2019;steekproefvernieuwing2022_2e_cylcus;gemeten in 2023;0;
156;Voer_04;20;1_4_20;VOER;10-50;intersecting or downstream;Limburg;247930,9497;161929,5851;5,242937;3902898;>10;77;10;;13059;370671;96866;7007318;9574;Voer;L001; ;V0102;1;Geklasseerd, eerste categorie;11;Maasbekken;Maas;310;Viswater;2;< 0.25 m;900;L107_891;1037,14;0,170379;orginele steekproeftrekking 2014;gemeten <= 2019;;;0;
157;KleNe_04;610;1_4_610;KLEINE NETE;>50;intersecting or downstream;Antwerpen;185162,6533;209383,5604;14,613061;3979222;>10;78;10;;20202;372501;56736;6011607;8502;Kleine Nete;A.8; ;V0101;1;Geklasseerd, eerste categorie;10;Netebekken;Schelde;310;Viswater;2;< 0.25 m;532;VL11_127;1121,31;0,004316;orginele steekproeftrekking 2014;gemeten <= 2019;;;0;
158;BriLo_03;1415;1_4_1415;BRISDILLOOP;10-50;intersecting or downstream;Antwerpen;209333,1088;204419,2506;13,782918;4028278;>10;79;10;;37323;359677;66402;6021804;9048;Brisdilloop;A.7.33.2; ;10000;2;Geklasseerd, tweede categorie;10;Netebekken;Schelde;100;Basiskwaliteit;2;< 0.25 m;500;L111_1065;2170,32;3,606787;orginele steekproeftrekking 2014;gemeten <= 2019;;;0;
159;GroNe_13;1605;1_4_1605;GROTE NETE;10-50;intersecting or downstream;Antwerpen;212218,4045;205926,8835;7,901548;4105846;>10;80;10;;27695;382231;101161;7026344;8501;Grote Nete;A.7; ;10000;2;Geklasseerd, tweede categorie;10;Netebekken;Schelde;100;Basiskwaliteit;0;10 tot 2.5 m;500;L107_708;1716,16;0,003653;orginele steekproeftrekking 2014;gemeten <= 2019;;;0;
160;GroNe_08;1556;1_4_1556;GROTE NETE;10-50;intersecting or downstream;Antwerpen;209016,1578;206116,5263;11,020255;4110198;>10;81;11 --> 2020;2027;10352;359056;38690;1502745;8501;Grote Nete;A.7; ;10000;2;Geklasseerd, tweede categorie;10;Netebekken;Schelde;310;Viswater;2;< 0.25 m;500;L107_708;1866,92;1,835637;orginele steekproeftrekking 2014;niet bezocht voor 2019 --> geschrapt, maar komt ook voor in nieuwe steekproeftrekking in 2020;steekproefvernieuwing2022_2e_cylcus;;0;
161;Maas_27;1800;1_4_1800;MAAS;>50;intersecting or downstream;Limburg;242301,7672;175857,3878;3,278863;4117746;>10;82;11 --> 2020;2026;24071;373363;22349;6000026;9501;Maas;BV44;BV440;V0060;0;Bevaarbaar;11;Maasbekken;Maas;310;Viswater;2;< 0.25 m;910;VL11_203;14019,75;0,001061;orginele steekproeftrekking 2014 & steekproefvernieuwing2020;"niet bezocht voor 2019 --> geschrapt, maar komt ook voor in nieuwe steekproeftrekking in 2020 --> niet gemeten in 2020; geschrapt wegens steekproefvernieuwing in 2021 en hierbij niet opnieuw geselecteerd";steekproefvernieuwing2022_2e_cylcus;;0;
162;Voer_07o;1037;1_4_1037;VOER;10-50;intersecting or downstream;Limburg;249770,349;161555,6988;13,926085;4152754;>10;83;11 --> 2020;;22087;370131;96600;7008866;9574;Voer;L001; ;70000;2;Geklasseerd, tweede categorie;11;Maasbekken;Maas;310;Viswater;2;< 0.25 m;900;L107_891;1709,11;0,00265;orginele steekproeftrekking 2014 & steekproefvernieuwing2020;"niet bezocht voor 2019 --> geschrapt, maar komt ook voor in nieuwe steekproeftrekking in 2020; gemeten in 2020 (maar verplaatst)";;;-1;
163;DesNe_05o;838;1_4_838;DESSELSE NEET;10-50;intersecting or downstream;Antwerpen;199562,4868;215643,394;18,510712;4193526;>10;84;11;;4305;357848;78451;6030567;8710;Desselse Neet;A.8.22; ;10000;2;Geklasseerd, tweede categorie;10;Netebekken;Schelde;100;Basiskwaliteit;2;< 0.25 m;530;L111_717;1360,7;1,480309;orginele steekproeftrekking 2014;gemeten <= 2019 (maar verplaatst);;;-1;
164;Mark_01o;1640;1_4_1640;MARK;>50;intersecting or downstream;Antwerpen;179455,5872;231899,2319;13,269181;4275614;>10;85;11 --> 2020;;13863;365496;74323;6027522;9502;Mark;A.4; ;V0101;1;Geklasseerd, eerste categorie;11;Maasbekken;Maas;310;Viswater;2;< 0.25 m;940;VL11_145;843,92;0,00266;orginele steekproeftrekking 2014 & steekproefvernieuwing2020;"niet bezocht voor 2019 --> geschrapt, maar komt ook voor in nieuwe steekproeftrekking in 2020; gemeten in 2020 (maar verplaatst)";;;-1;
165;Abeek_01o;47;1_4_47;ABEEK;>50;intersecting or downstream;Limburg;245198,8559;206415,4505;14,796594;4325778;>10;86;11;;17571;363528;87423;6035431;9505;Abeek;L19; ;V0102;1;Geklasseerd, eerste categorie;11;Maasbekken;Maas;310;Viswater;2;< 0.25 m;921;VL11_133;1770,34;0,004086;orginele steekproeftrekking 2014;gemeten <= 2019 (maar verplaatst);;;-1;
166;KleNe_05;459;1_4_459;KLEINE NETE;>50;intersecting or downstream;Antwerpen;180091,2452;208410,6659;12,769832;4367318;>10;87;11;2026;27021;380920;100286;7026174;8502;Kleine Nete;A.8; ;V0101;1;Geklasseerd, eerste categorie;10;Netebekken;Schelde;310;Viswater;2;< 0.25 m;532;VL11_127;1035,9;0,004727;orginele steekproeftrekking 2014;niet bezocht voor 2019 --> geschrapt en vervangen door nieuwe steekproeftrekking in 2020;steekproefvernieuwing2022_2e_cylcus;;0;
167;VarBe_01;1333;1_4_1333;VARENDONKSE BEEK;10-50;intersecting or downstream;Antwerpen;189618,0881;197095,2701;13,385548;4394806;>10;88;11;2027;12519;364284;30377;1501919;8552;Varendonkse Beek;A.7.23; ;10000;2;Geklasseerd, tweede categorie;10;Netebekken;Schelde;100;Basiskwaliteit;0;10 tot 2.5 m;513;L107_695;952,15;0,003963;orginele steekproeftrekking 2014;niet bezocht voor 2019 --> geschrapt en vervangen door nieuwe steekproeftrekking in 2020;steekproefvernieuwing2022_2e_cylcus;;0;
168;Maas_07;119;1_4_119;MAAS;>50;intersecting or downstream;Limburg;248384,0539;194593,2006;13,145596;4440146;>10;89;12;;8199;356822;22343;6000006;9501;Maas;BV44;BV440;V0060;0;Bevaarbaar;11;Maasbekken;Maas;310;Viswater;2;< 0.25 m;920;VL11_203;2973,21;0,000375;orginele steekproeftrekking 2014;niet bezocht voor 2019 --> geschrapt en vervangen door nieuwe steekproeftrekking in 2020;;;0;
169;Voer_05;16;1_4_16;VOER;10-50;intersecting or downstream;Limburg;247555,0078;162044,0352;14,938012;4492722;>10;90;12;;13059;370671;96866;7007318;9574;Voer;L001; ;V0102;1;Geklasseerd, eerste categorie;11;Maasbekken;Maas;310;Viswater;2;< 0.25 m;900;L107_891;1037,14;0,002588;orginele steekproeftrekking 2014;niet bezocht voor 2019 --> geschrapt en vervangen door nieuwe steekproeftrekking in 2020;;;0;
170;Maas_17;997;1_4_997;MAAS;>50;intersecting or downstream;Limburg;250810,6115;201499,1199;31,800855;4623442;>10;91;12;;20439;371467;22396;6000030;9501;Maas;BV44;BV440;V0060;0;Bevaarbaar;11;Maasbekken;Maas;310;Viswater;2;< 0.25 m;922;VL11_203;2057,56;0,000037;orginele steekproeftrekking 2014;niet bezocht voor 2019 --> geschrapt en vervangen door nieuwe steekproeftrekking in 2020;;;0;
171;Maas_15;221;1_4_221;MAAS;>50;intersecting or downstream;Limburg;246252,2446;186348,9065;36,29616;4646226;>10;92;12;;8201;356824;22345;6000008;9501;Maas;BV44;BV440;V0060;0;Bevaarbaar;11;Maasbekken;Maas;310;Viswater;2;< 0.25 m;920;VL11_203;7589,74;0,003573;orginele steekproeftrekking 2014;niet bezocht voor 2019 --> geschrapt en vervangen door nieuwe steekproeftrekking in 2020;;;0;
172;GroNe_03;1615;1_4_1615;GROTE NETE;10-50;intersecting or downstream;Antwerpen;212931,888;205806,7194;6,325087;4654710;>10;93;12;;7845;359475;44797;3001240;8501;Grote Nete;L7; ;70000;2;Geklasseerd, tweede categorie;10;Netebekken;Schelde;100;Basiskwaliteit;0;10 tot 2.5 m;500;L107_708;1936,06;0,00442;orginele steekproeftrekking 2014;niet bezocht voor 2019 --> geschrapt en vervangen door nieuwe steekproeftrekking in 2020;;;0;
173;Maas_28;267;1_4_267;MAAS;>50;intersecting or downstream;Limburg;246475,8969;184221,056;23,160121;4677106;>10;94;12;;24071;373363;22349;6000026;9501;Maas;BV44;BV440;V0060;0;Bevaarbaar;11;Maasbekken;Maas;310;Viswater;2;< 0.25 m;910;VL11_203;14019,75;0,002516;orginele steekproeftrekking 2014;niet bezocht voor 2019 --> geschrapt en vervangen door nieuwe steekproeftrekking in 2020;;;0;
174;SoeBe_01;412;1_4_412;SOERBEEK;10-50;intersecting or downstream;Limburg;239984,6096;206267,5742;18,701119;4678802;>10;95;12;;16265;364726;55461;6010602;9890;Soerbeek;L91; ;W7.02;2;Geklasseerd, tweede categorie;11;Maasbekken;Maas;100;Basiskwaliteit;1;2.5 tot 0.25 m;921;L107_869;3100,8;0,003973;orginele steekproeftrekking 2014;niet bezocht voor 2019 --> geschrapt en vervangen door nieuwe steekproeftrekking in 2020;;;0;
175;GroNe_06;1563;1_4_1563;GROTE NETE;10-50;intersecting or downstream;Antwerpen;209351,0579;206265,8336;15,065304;4896630;>10;96;12;;9227;358222;38691;1502746;8501;Grote Nete;A.7; ;10000;2;Geklasseerd, tweede categorie;10;Netebekken;Schelde;310;Viswater;2;< 0.25 m;500;L107_708;1384,71;0,496145;orginele steekproeftrekking 2014;niet bezocht voor 2019 --> geschrapt en vervangen door nieuwe steekproeftrekking in 2020;;;0;
176;Voer_03;950;1_4_950;VOER;10-50;intersecting or downstream;Limburg;250984,4211;161069,6934;10,837287;4965042;>10;97;12;;7499;359045;36150;28557;9574;Voer;L001; ;70000;2;Geklasseerd, tweede categorie;11;Maasbekken;Maas;310;Viswater;2;< 0.25 m;900;L107_891;1506,83;0,003631;orginele steekproeftrekking 2014;niet bezocht voor 2019 --> geschrapt en vervangen door nieuwe steekproeftrekking in 2020;;;0;
177;Abeek_01;;1_4_47;ABEEK;>50;intersecting or downstream;Limburg;245307;206405;;;;;;;;;;;;;;;;;;;;;;;;;;VL11_133;;;orginele steekproeftrekking 2014;gemeten <= 2019;;;1;
178;BolBe_08;;1_4_491;BOLLISENBEEK;10-50;intersecting or downstream;Limburg;222809,4161;204182,0791;;;;;;;;;;;;;;;;;;;;;;;;;;L107_854;;;orginele steekproeftrekking 2014;gemeten <= 2019;;;1;
179;DesNe_05;;1_4_838;DESSELSE NEET;10-50;intersecting or downstream;Antwerpen;199502;215645;;;;;;2026;;;;;;;;;;;;;;;;;;;;L111_717;;;orginele steekproeftrekking 2014;gemeten <= 2019;steekproefvernieuwing2022_2e_cylcus;;1;
180;Dommel_01;;1_4_1105;DOMMEL;>50;intersecting or downstream;Limburg;223977,4516;218188,721;;;;;;;;;;;;;;;;;;;;;;;;;;NL_M;;;orginele steekproeftrekking 2014;gemeten <= 2019;;;1;
181;Dommel_02;;1_4_1054;DOMMEL;>50;intersecting or downstream;Limburg;224563;213372;;;;;;;;;;;;;;;;;;;;;;;;;;VL05_136;;;orginele steekproeftrekking 2014;gemeten <= 2019;;;1;
182;GroNe_12;;1_4_1602;GROTE NETE;10-50;intersecting or downstream;Antwerpen;211929;205974;;;;;;;;;;;;;;;;;;;;;;;;;;L107_708;;;orginele steekproeftrekking 2014;gemeten <= 2019;;;1;
183;HanLo_01;;1_4_831;HANSKENSELSLOOP;10-50;intersecting or downstream;Antwerpen;206419;204580;;;;;;;;;;;;;;;;;;;;;;;;;;L213_123;;;orginele steekproeftrekking 2014;gemeten <= 2019;;;1;
184;Maas_01;;1_4_969;MAAS;>50;intersecting or downstream;Limburg;253230;203955;;;;;;2025;;;;;;;;;;;;;;;;;;;;VL11_203;;;orginele steekproeftrekking 2014;gemeten <= 2019;steekproefvernieuwing2022_2e_cylcus;;1;
185;Mark_01;;1_4_1640;MARK;>50;intersecting or downstream;Antwerpen;179403;231944;;;;;;;;;;;;;;;;;;;;;;;;;;VL11_145;;;orginele steekproeftrekking 2014 & steekproefvernieuwing2020;"niet bezocht voor 2019 --> geschrapt, maar komt ook voor in nieuwe steekproeftrekking in 2020; gemeten in 2020";;;1;
186;SchNe_04;;1_4_565;SCHEPPELIJKE NETE;10-50;outside;Antwerpen;203664,539;209630,135;;;;;;2024;;;;;;;;;;;;;;;;;;;;L107_705;;;orginele steekproeftrekking 2014;gemeten <= 2019;steekproefvernieuwing2022_2e_cylcus;gemeten in 2023;1;
187;Stiemer_02;;1_4_1497;STIEMER;<10;outside;Limburg;230307;186913;;;;;;;;;;;;;;;;;;;;;;;;;;L213_99;;;orginele steekproeftrekking 2014;gemeten <= 2019;;;1;
188;Voer_07;;1_4_1037;VOER;10-50;intersecting or downstream;Limburg;249828;161505;;;;;;2027;;;;;;;;;;;;;;;;;;;;L107_891;;;orginele steekproeftrekking 2014 & steekproefvernieuwing2020;"niet bezocht voor 2019 --> geschrapt, maar komt ook voor in nieuwe steekproeftrekking in 2020; gemeten in 2020";steekproefvernieuwing2022_2e_cylcus;;1;
189;Voer_08;;1_4_31;VOER;<10;outside;Limburg;252130,9613;160064,3254;;;;;;2022;;;;;;;;;;;;;;;;;;;;NL_M;;;orginele steekproeftrekking 2014;gemeten <= 2019;steekproefvernieuwing2022_2e_cylcus;gemeten in 2022;1;
190;Maas_29;;1_7_20153;Maas;;intersecting or downstream;;246631,4953;181898,7648;;69106;> 10 km²;1;2020;2026;;;;;;;;;;;;;;;;;;;;VL11_203;;;steekproefvernieuwing2020;gemeten in 2020;steekproefvernieuwing2022_2e_cylcus;;0;
191;ZwaBe_03;;1_7_1607;Zwartwater;;intersecting or downstream;;200100,4927;185620,6959;;212134;> 10 km²;2;2020;;;;;;;;;;;;;;;;;;;;;VL05_118;;;steekproefvernieuwing2020;gemeten in 2020;;;0;
192;Maas_30;;1_7_7733;Maas;;intersecting or downstream;;249112,6227;195569,2475;;426066;> 10 km²;3;2020;2026;;;;;;;;;;;;;;;;;;;;VL11_203;;;steekproefvernieuwing2020;gemeten in 2020;steekproefvernieuwing2022_2e_cylcus;;0;
193;Maas_31;;1_7_8876;Maas;;intersecting or downstream;;252527,8479;200331,129;;655778;> 10 km²;4;2020;2022;;;;;;;;;;;;;;;;;;;;VL11_203;;;steekproefvernieuwing2020;"niet gemeten in 2020; geschrapt wegens steekproefvernieuwing in 2021 en hierbij niet opnieuw geselecteerd";steekproefvernieuwing2022_2e_cylcus;gemeten in 2022;0;
194;Maas_32;;1_7_8910;Maas;;intersecting or downstream;;252911,5405;203305,7527;;690658;> 10 km²;5;2020;2023;;;;;;;;;;;;;;;;;;;;VL11_203;;;steekproefvernieuwing2020;"niet gemeten in 2020; geschrapt wegens steekproefvernieuwing in 2021 en hierbij niet opnieuw geselecteerd";steekproefvernieuwing2022_2e_cylcus;gemeten in 2022;0;
195;SasLo_01;;1_7_214728;Sasloop;;intersecting or downstream;;189624,4461;209735,4826;;906998;< 10 km²;6;2020;;;;;;;;;;;;;;;;;;;;;L217_4672;;;steekproefvernieuwing2020;gemeten in 2020;;;0;
196;BorBe_03;;1_7_121104;Bornebeek;;intersecting or downstream;;74883,26128;200027,5395;;1153089;< 10 km²;7;2020;2026;;;;;;;;;;;;;;;;;;;;L217_0501;;;steekproefvernieuwing2020;gemeten in 2020;steekproefvernieuwing2022_2e_cylcus;;0;
197;Maas_33;;1_7_8855;Maas;;intersecting or downstream;;251440,5356;199236,0893;;1237410;> 10 km²;8;2020;2026;;;;;;;;;;;;;;;;;;;;VL11_203;;;steekproefvernieuwing2020;gemeten in 2020;steekproefvernieuwing2022_2e_cylcus;;0;
198;SasLo_03;;1_7_208880;Korte Zeggeloop;;intersecting or downstream;;190239,5469;209761,7814;;1305334;< 10 km²;9;2020;;;;;;;;;;;;;;;;;;;;;L217_4672;;;steekproefvernieuwing2020;gemeten in 2020;;;0;
199;GelLo_01;;1_7_189728;Gelsloopke;;intersecting or downstream;;187334,9411;232270,5818;;1309998;< 10 km²;10;2020;;;;;;;;;;;;;;;;;;;;;L217_5251;;;steekproefvernieuwing2020;gemeten in 2020;;;0;
200;KleNe_08;;1_7_23080;Kleine Nete;;intersecting or downstream;;189264,121;210888,0768;;1549302;> 10 km²;11;2020;;;;;;;;;;;;;;;;;;;;;VL11_127;;;steekproefvernieuwing2020;gemeten in 2020;;;0;
201;WarBe_04;;1_7_3419;Warmbeek;;intersecting or downstream;;228740,444;210508,024;;1764882;> 10 km²;12;2020;2026;;;;;;;;;;;;;;;;;;;;L107_858;;;steekproefvernieuwing2020;gemeten in 2020;steekproefvernieuwing2022_2e_cylcus;;0;
202;NooMa_03;;1_7_221475;Noordermark;;intersecting or downstream;;187034,8397;231962,5865;;1834286;< 10 km²;13;2020;;;;;;;;;;;;;;;;;;;;;L217_5251;;;steekproefvernieuwing2020;gemeten in 2020;;;0;
203;Asbeek_03o;;1_7_31125;Asbeek;;intersecting or downstream;;207917,5445;203886,5026;;1841014;> 10 km²;14;2020;;;;;;;;;;;;;;;;;;;;;L111_1065;;;steekproefvernieuwing2020;gemeten in 2020 (maar verplaatst);;;-1;
204;Maas_34;;1_7_7177;Maas;;intersecting or downstream;;248372,2359;195218,3543;;1867858;> 10 km²;15;2020;;;;;;;;;;;;;;;;;;;;;VL11_203;;;steekproefvernieuwing2020;gemeten in 2020;;;0;
205;KleBe_01o;;1_7_171136;Kleinebeek;;intersecting or downstream;;203151,8959;191903,0992;;2031030;< 10 km²;16;2020;;;;;;;;;;;;;;;;;;;;;L217_4391;;;steekproefvernieuwing2020;gemeten in 2020 (maar verplaatst);;;-1;
206;Dommel_11;;1_7_20555;Dommel;;intersecting or downstream;;223963,0733;218233,3332;;2050322;> 10 km²;17;2020;2026;;;;;;;;;;;;;;;;;;;;VL05_136;;;steekproefvernieuwing2020;gemeten in 2020;steekproefvernieuwing2022_2e_cylcus;;0;
207;BolBe_09;;1_7_19326;Bollisenbeek;;intersecting or downstream;;221617,5874;201378,4386;;2123986;> 10 km²;18;2020;2026;;;;;;;;;;;;;;;;;;;;L107_854;;;steekproefvernieuwing2020;gemeten in 2020;steekproefvernieuwing2022_2e_cylcus;;0;
208;RoDeG_01;;1_7_46206;Gracht Rode Del;;intersecting or downstream;;203089,5906;224550,9561;;2169582;< 10 km²;19;2020;;;;;;;;;;;;;;;;;;;;;L217_4691;;;steekproefvernieuwing2020;gemeten in 2020;;;0;
209;Dommel_12;;1_7_3495;Dommel;;intersecting or downstream;;224648,419;207450,1733;;2448146;> 10 km²;20;2020;;;;;;;;;;;;;;;;;;;;;VL05_136;;;steekproefvernieuwing2020;gemeten in 2020;;;0;
210;Maas_35;;1_7_8873;Maas;;intersecting or downstream;;252574,2892;200036,8274;;2498978;> 10 km²;21;2020;2023;;;;;;;;;;;;;;;;;;;;VL11_203;;;steekproefvernieuwing2020;"niet gemeten in 2020; geschrapt wegens steekproefvernieuwing in 2021 en hierbij niet opnieuw geselecteerd";steekproefvernieuwing2022_2e_cylcus;gemeten in 2022;0;
211;BolBe_10;;1_7_19473;Bollisenbeek;;intersecting or downstream;;221778,8575;201796,2457;;2566354;> 10 km²;22;2020;2026;;;;;;;;;;;;;;;;;;;;L107_854;;;steekproefvernieuwing2020;gemeten in 2020;steekproefvernieuwing2022_2e_cylcus;;0;
212;GieBo_01;;1_7_199859;NA;;intersecting or downstream;;186553,1896;219937,2918;;2614318;< 10 km²;23;2020;;;;;;;;;;;;;;;;;;;;;G;;;steekproefvernieuwing2020;gemeten in 2020;;;0;
213;DeAa_01;;1_7_27117;De Aa;;intersecting or downstream;;176986,464;209512,3187;;2817750;> 10 km²;24;2020;;;;;;;;;;;;;;;;;;;;;VL05_121;;;steekproefvernieuwing2020;gemeten in 2020;;;0;
214;KlHGr_02;;1_7_38243;Kleine Hoofdgracht;;intersecting or downstream;;209397,4414;206591,8527;;2999158;> 10 km²;25;2020;;;;;;;;;;;;;;;;;;;;;L111_707;;;steekproefvernieuwing2020;gemeten in 2020;;;0;
215;Maas_36;;1_7_20152;Maas;;intersecting or downstream;;246593,6833;181806,0394;;3214834;> 10 km²;26;2020;2027;;;;;;;;;;;;;;;;;;;;VL11_203;;;steekproefvernieuwing2020;gemeten in 2020;steekproefvernieuwing2022_2e_cylcus;;0;
216;Maas_37;;1_7_8899;Maas;;intersecting or downstream;;251873,7151;203066,096;;3328482;> 10 km²;27;2020;2024;;;;;;;;;;;;;;;;;;;;VL11_203;;;steekproefvernieuwing2020;"niet gemeten in 2020; geschrapt wegens steekproefvernieuwing in 2021 en hierbij niet opnieuw geselecteerd";steekproefvernieuwing2022_2e_cylcus;;0;
217;WarBe_05o;;1_7_3424;Warmbeek;;intersecting or downstream;;228661,4776;210904,05;;3337746;> 10 km²;28;2020;;;;;;;;;;;;;;;;;;;;;L107_858;;;steekproefvernieuwing2020;gemeten in 2020 (maar verplaatst);;;-1;
218;Maas_38;;1_7_20150;Maas;;intersecting or downstream;;246529,9604;181616,2587;;3598834;> 10 km²;29;2020;2027;;;;;;;;;;;;;;;;;;;;VL11_203;;;steekproefvernieuwing2020;gemeten in 2020;steekproefvernieuwing2022_2e_cylcus;;0;
219;IttBe_02;;1_7_27889;Itterbeek;;intersecting or downstream;;239549,0356;201875,5099;;3634002;> 10 km²;30;2020;2027;;;;;;;;;;;;;;;;;;;;L111_1088;;;steekproefvernieuwing2020;gemeten in 2020;steekproefvernieuwing2022_2e_cylcus;;0;
220;ZieBe_01;;1_7_114570;Ziepbeek;;intersecting or downstream;;238857,4199;181178,5493;;3717106;< 10 km²;31;2020;2027;;;;;;;;;;;;;;;;;;;;L217_5011;;;steekproefvernieuwing2020;gemeten in 2020;steekproefvernieuwing2022_2e_cylcus;;0;
221;Maas_39;;1_7_8845;Maas;;intersecting or downstream;;250498,0637;199299,1894;;3734610;> 10 km²;32;2020;2024;;;;;;;;;;;;;;;;;;;;VL11_203;;;steekproefvernieuwing2020;"niet gemeten in 2020; geschrapt wegens steekproefvernieuwing in 2021 en hierbij niet opnieuw geselecteerd";steekproefvernieuwing2022_2e_cylcus;;0;
222;AntGr_04;;1_7_28258;Antitankkanaal;;intersecting or downstream;;157719,176;224698,149;;3968990;> 10 km²;33;2020;;;;;;;;;;;;;;;;;;;;;L111_724;;;steekproefvernieuwing2020;gemeten in 2020;;;0;
223;SchZi_01;;1_7_27869;Schaagterziep;;intersecting or downstream;;239703,6268;202043,1531;;4092754;> 10 km²;34;2020;2025;;;;;;;;;;;;;;;;;;;;L111_1089;;;steekproefvernieuwing2020;"geschrapt; lag in verkeerde, niet habitatwaardige waterloop";steekproefvernieuwing2022_2e_cylcus;"geschrapt; ligt in verkeerde, niet habitatwaardige waterloop";-2;
224;DeAa_02;;1_7_11707;De Aa;;intersecting or downstream;;178305,2933;209663,6295;;4146134;> 10 km²;37;2020;2027;;;;;;;;;;;;;;;;;;;;VL05_121;;;steekproefvernieuwing2020;gemeten in 2020;steekproefvernieuwing2022_2e_cylcus;;0;
225;GroNe_14;;1_7_31111;Grote Nete;;intersecting or downstream;;206939,6705;205395,3778;;4204406;> 10 km²;39;2020;2027;;;;;;;;;;;;;;;;;;;;L107_708;;;steekproefvernieuwing2020;gemeten in 2020;steekproefvernieuwing2022_2e_cylcus;;0;
226;Maas_40;;1_7_7743;Maas;;intersecting or downstream;;250024,6846;195291,0012;;4268114;> 10 km²;40;2020;2027;;;;;;;;;;;;;;;;;;;;VL11_203;;;steekproefvernieuwing2020;gemeten in 2020;steekproefvernieuwing2022_2e_cylcus;;0;
227;SasLo_02;;1_7_208884;Sasloop;;intersecting or downstream;;189947,1674;209845,5088;;4314870;< 10 km²;42;2020;;;;;;;;;;;;;;;;;;;;;L217_4672;;;steekproefvernieuwing2020;gemeten in 2020;;;0;
228;Maas_41;;1_7_8851;Maas;;intersecting or downstream;;251076,1373;199397,2772;;4324434;> 10 km²;43;2020;2027;;;;;;;;;;;;;;;;;;;;VL11_203;;;steekproefvernieuwing2020;gemeten in 2020;steekproefvernieuwing2022_2e_cylcus;;0;
229;Asbeek_03;;1_7_31125;Asbeek;;intersecting or downstream;;207857;203884;;;;;;2026;;;;;;;;;;;;;;;;;;;;L111_1065;;;steekproefvernieuwing2020;gemeten in 2020;steekproefvernieuwing2022_2e_cylcus;;1;
230;KleBe_01;;1_7_171136;Kleinebeek;;intersecting or downstream;;203228;191966;;;;;;2026;;;;;;;;;;;;;;;;;;;;L217_4391;;;steekproefvernieuwing2020;gemeten in 2020;steekproefvernieuwing2022_2e_cylcus;;1;
231;WarBe_05;;1_7_3424;Warmbeek;;intersecting or downstream;;228670;210970;;;;;;2027;;;;;;;;;;;;;;;;;;;;L107_858;;;steekproefvernieuwing2020;gemeten in 2020;steekproefvernieuwing2022_2e_cylcus;;1;
232;KlHGr_03;;1_7_54997;Kleine Hoofdgracht;;outside;;216458,32;208881,76;;264822;;1;2021;;;;;;;;;;;;;;;;;;;;;;;;steekproefvernieuwing2021;gemeten in 2021;;;0;
233;SchNe_09;;1_7_166695;Scheppelijke Nete;;outside;;210008,6;212199,95;;359542;;2;2021;;;;;;;;;;;;;;;;;;;;;;;;steekproefvernieuwing2021;gemeten in 2021;;;0;
234;DalLo_01;;1_7_47415;Dalemansloop;;outside;;196955,29;211460,65;;422134;;3;2021;;;;;;;;;;;;;;;;;;;;;;;;steekproefvernieuwing2021;gemeten in 2021;;;0;
235;MolBe_01;;1_7_7841;Molenbeek;;outside;;144320,05;194657,84;;700137;;4;2021;;;;;;;;;;;;;;;;;;;;;;;;steekproefvernieuwing2021;"geschrapt; want gh volgens habitatkaart";;;0;
236;WarBe_06;;1_7_140445;Warmbeek;;outside;;229059,6;208055,24;;1040402;;5;2021;2026;;;;;;;;;;;;;;;;;;;;;;;steekproefvernieuwing2021;gemeten in 2021;steekproefvernieuwing2022_2e_cylcus;;0;
237;MolNeZ_01;;1_7_166720;NA (zijbeek Molse Nete);;outside;;205016,11;208998,19;;1354614;;6;2021;;;;;;;;;;;;;;;;;;;;;;;;steekproefvernieuwing2021;gemeten in 2021;;;0;
238;KlHGr_04;;1_7_55005;Kleine Hoofdgracht;;outside;;215670,92;208736,54;;1444470;;8;2021;2026;;;;;;;;;;;;;;;;;;;;;;;steekproefvernieuwing2021;gemeten in 2021;steekproefvernieuwing2022_2e_cylcus;;0;
239;PosVa_01o;;1_7_226908;Postelvaartje;;outside;;209566,38;215184,76;;1508470;;9;2021;;;;;;;;;;;;;;;;;;;;;;;;steekproefvernieuwing2021;gemeten in 2021;;;-1;
240;OudLo_01;;1_7_170694;Oudevosvijverloop;;outside;;212059,07;209199,06;;1621622;;11;2021;;;;;;;;;;;;;;;;;;;;;;;;steekproefvernieuwing2021;"geschrapt; want gh volgens habitatkaart";;;0;
241;Dommel_13;;1_4_73;Dommel;;outside;;225718,56;199456,82;;1704146;;12;2021;2026;;;;;;;;;;;;;;;;;;;;;;;steekproefvernieuwing2021;gemeten in 2021;steekproefvernieuwing2022_2e_cylcus;;0;
242;HofBe_01;;1_4_1047;Hofbeek;;outside;;164179,11;217157,4;;1729430;;13;2021;;;;;;;;;;;;;;;;;;;;;;;;steekproefvernieuwing2021;gemeten in 2021;;;0;
243;SchNe_10;;1_7_34547;Scheppelijke Nete;;outside;;205017,74;210236,4;;2124662;;14;2021;2026;;;;;;;;;;;;;;;;;;;;;;;steekproefvernieuwing2021;gemeten in 2021;steekproefvernieuwing2022_2e_cylcus;;0;
244;ZilBe_02;;1_4_1466;Ziltbeke;;outside;;81260,43;212914,62;;2151105;;15;2021;2026;;;;;;;;;;;;;;;;;;;;;;;steekproefvernieuwing2021;gemeten in 2021;steekproefvernieuwing2022_2e_cylcus;;0;
245;Stiemer_04;;1_4_1498;Stiemer;;outside;;230484,04;187004,66;;2387410;;16;2021;;;;;;;;;;;;;;;;;;;;;;;;steekproefvernieuwing2021;geschrapt, want groot deel overwelfd;;;0;
246;KlHGr_05;;1_7_54994;Kleine Hoofdgracht;;outside;;216748,74;208931,93;;2538102;;17;2021;;;;;;;;;;;;;;;;;;;;;;;;steekproefvernieuwing2021;gemeten in 2021;;;0;
247;KlHGr_06;;1_7_55007;Kleine Hoofdgracht;;outside;;215473,16;208705,29;;2706038;;18;2021;2026;;;;;;;;;;;;;;;;;;;;;;;steekproefvernieuwing2021;gemeten in 2021;steekproefvernieuwing2022_2e_cylcus;;0;
248;LoeNe_03;;1_7_30980;Loeijens Neetje;;outside;;197117,56;218240,25;;2811126;;19;2021;2026;;;;;;;;;;;;;;;;;;;;;;;steekproefvernieuwing2021;gemeten in 2021;steekproefvernieuwing2022_2e_cylcus;;0;
249;GieBe_05;;1_4_637;Gielisbeek;;outside;;227986,31;198692,44;;3020754;;20;2021;;;;;;;;;;;;;;;;;;;;;;;;steekproefvernieuwing2021;gemeten in 2021;;;0;
250;Voer_09;;1_4_24;Voer;;outside;;251834,15;160681,43;;3048322;;22;2021;2027;;;;;;;;;;;;;;;;;;;;;;;steekproefvernieuwing2021;gemeten in 2021;steekproefvernieuwing2022_2e_cylcus;;0;
251;LosBe_01;;1_7_61527;Lossingsbeek;;outside;;176256,33;179597,77;;3280774;;24;2021;;;;;;;;;;;;;;;;;;;;;;;;steekproefvernieuwing2021;gemeten in 2021;;;0;
252;PosVa_02;;1_7_226909;Postelvaartje;;outside;;209535,18;215278,57;;3343478;;25;2021;;;;;;;;;;;;;;;;;;;;;;;;steekproefvernieuwing2021;gemeten in 2021;;;0;
253;LoeNe_04;;1_4_1434;Loeijens Neetje;;outside;;200186,09;220139,54;;3792430;;26;2021;2027;;;;;;;;;;;;;;;;;;;;;;;steekproefvernieuwing2021;gemeten in 2021;steekproefvernieuwing2022_2e_cylcus;;0;
254;SchNe_11;;1_4_1224;Scheppelijke Nete;;outside;;209878,47;212029,25;;3832950;;27;2021;;;;;;;;;;;;;;;;;;;;;;;;steekproefvernieuwing2021;gemeten in 2021;;;0;
255;MolNe_01;;1_4_1636;Molse Nete;;outside;;198982,59;207071,83;;3930614;;28;2021;;;;;;;;;;;;;;;;;;;;;;;;steekproefvernieuwing2021;gemeten in 2021;;;0;
256;Dommel_14;;1_4_63;Dommel;;outside;;226051,39;200386,41;;4055250;;29;2021;;;;;;;;;;;;;;;;;;;;;;;;steekproefvernieuwing2021;gemeten in 2021;;;0;
257;Plat_01;;1_7_74832;Het Plat;;outside;;219975,38;210484,75;;4136210;;30;2021;;;;;;;;;;;;;;;;;;;;;;;;steekproefvernieuwing2021;gemeten in 2021;;;0;
258;PosVa_01;;1_7_226908;Postelvaartje;;outside;;209571,286;215079,482;;;;;;;;;;;;;;;;;;;;;;;;;;;;;steekproefvernieuwing2021;"gemeten in 2021; punt verschoven, maar eveneens gh";;;1;
259;AntGr_05;;1_7_30659;Antitankkanaal;;intersecting or downstream;;167040,32;212997,42;;4405142;;;;2027;;;;;;;;;;;;;;;;;;;;;;;steekproefvernieuwing2022_2e_cylcus;;steekproefvernieuwing2022_2e_cylcus;"ligt aan het eind van een waterloop; 100m stroomopwaarts is stilstaand water --> te schrappen";-2;
260;ZwaBe_04;;;;;;;216554;198343;;;;;;;;;;;;;;;;;;;;;;;;;;;;;;;extra meetpunt in 2022 voor evinbo-project milklim;gemeten in 2022;;
261;KaaBe_01a;;;;;;;228215;179699;;;;;;;;;;;;;;;;;;;;;;;;;;;;;;;vervangpunt voor KaaBe_01 (te sterk beschaduwd);gemeten in 2022;1;
262;IPA_ZN01;;;Zwarte Nete;;;;201185;217580;;;;;;;;;;;;;;;;;;;;;;;;;;;;;;;extra meetpunt in 2023 voor provincie Antwerpen;;;
263;IPA_ZN02;;;Zwarte Nete;;;;200560;217047;;;;;;;;;;;;;;;;;;;;;;;;;;;;;;;extra meetpunt in 2023 voor provincie Antwerpen;;;
