plot_id	sampling_unit_code	db	date_status	status_fieldwork	targethabitat	info_status_fieldwork	remark
457	457_6510_hu	openhab	1398858453	Niet van toepassing	nee	nvt - geen doelhabitat	NA
734	734_4010	openhab	1407766577	Opname volledig uitgevoerd	ja	100% afgewerkt	"4010
"
990	NA	foresthab	1429106679	ja	NA	Geen opname : geen toelating	"Prive, ontoegankelijk
"
2182	NA	foresthab	1429106953	ja	NA	Geen opname : geen doelhabitat	geen habitat
2198	NA	foresthab	1429106679	ja	NA	NA	"vjf ok, baken geplaatst, veg ok, dendro ok

"
2610	2610_4030	openhab	1407766244	Opname volledig uitgevoerd	ja	100% afgewerkt	NA
2742	NA	foresthab	1429107093	ja	NA	NA	"0p 1,3 m  34 gr  zwarte els x//.
"
3026	3026_4010	openhab	1407766243	Opname volledig uitgevoerd	ja	100% afgewerkt	NA
3894	NA	foresthab	1429107093	ja	NA	NA	Baak 3,3 m  237 gr wilde lijsterbes (boom 1)
3970	NA	foresthab	1429106953	ja	NA	NA	kan ook 9130 zijn
4242	NA	foresthab	1429107093	ja	NA	Geen opname : geen doelhabitat	"Geen bos meer ,Nu nat hooiland.
"
4729	NA	foresthab	1429106953	ja	NA	Geen opname : geen toelating	GEEN TOESTEMMING - GEEN OPNAME
4945	NA	foresthab	1429106838.385	ja	NA	NA	veg n bosbouw ok 21/4/17
5046	5046_2310	openhab	1407765860	Niet van toepassing	nee	nvt - geen doelhabitat	NA
5330	5330_2310	openhab	1407765860	Opname volledig uitgevoerd	ja	100% afgewerkt	NA
5422	5422_4010	openhab	1407766577	Opname volledig uitgevoerd	ja	100% afgewerkt	"opname gedaan. begrazing!
"
5702	NA	foresthab	1429106953	ja	NA	Geen opname : geen doelhabitat	"grondvlak naald +50% geen opname

"
6110	NA	foresthab	1429106679	ja	NA	Geen opname : geen doelhabitat	geen opname, geen doelhabitat,gelegen op dreef.
6182	6182_6510_hu	openhab	1398858583	Niet van toepassing	nee	nvt - geen doelhabitat	geen  opname,gemaaide wegtaluds
6278	NA	foresthab	1429106953	ja	NA	NA	NA
6962	6962_6510_hu	openhab	1398858812	Geen opname uitgevoerd	onbepaald	opname onmogelijk (gemaaid/begraasd/te nat/ondoordringbaar)	permanenet begraasd door schapen
7078	NA	foresthab	1429106953	ja	NA	Geen opname : geen doelhabitat	geen habitat
7145	NA	foresthab	1429106679	ja	NA	NA	geen 9160, wel opname ==> 91E0_vm?
7401	NA	foresthab	1429106679	ja	NA	Geen opname : geen doelhabitat	"geen opname,geen vochtindicatoren, massale esdoornverjonging.

"
7785	NA	foresthab	1429106838.432	ja	NA	NA	"5,46 n92 gr, van geritste berk
met omtrek van 62cm, vegetatie n dendro ok
"
8121	NA	foresthab	1429106953	ja	NA	NA	NA
8217	NA	foresthab	1429106838.4	ja	NA	NA	"vegetatie ok 2/5/17
2,43m n 45gr vn zoete kers 204cm/mt verfstip
"
8550	8550_6510_hu	openhab	1398858583	Niet van toepassing	nee	nvt - geen doelhabitat	"geen opname, tenmidden ajuinenveld
"
8786	8786_4030	openhab	1407766244	Opname volledig uitgevoerd	ja	100% afgewerkt	NA
8893	8893_2310	openhab	1407766577	Opname volledig uitgevoerd	ja	100% afgewerkt	NA
9078	9078_4010	openhab	1407766578	Niet van toepassing	nee	nvt - geen doelhabitat	NA
9169	NA	foresthab	1429106838.432	ja	NA	Geen opname : geen doelhabitat	"geen habitat dd 3/5/17 en 25/4/18/ wel 9120

"
9262	NA	foresthab	1429106679	ja	NA	NA	"#habitat:9120,  veg gedaan, dendro gedaan

"
9641	NA	foresthab	1429106679	ja	NA	NA	NA
9657	NA	foresthab	1429106953	ja	NA	Geen opname : geen toelating	GEEN TOESTEMMING - GEEN OPNAME
9938	9938_4010	openhab	1407766243	Opname volledig uitgevoerd	ja	100% afgewerkt	NA
10354	NA	foresthab	1429106953	ja	NA	NA	NA
10513	NA	foresthab	1524671822.17	ja	NA	NA	"gn bomem en struiken omtrk 22cm in plot
10,30m n 161gr van paaltje afsluiting met fluo-verf op de kop;



"
10706	10706_2310	openhab	1407766243	Opname volledig uitgevoerd	ja	100% afgewerkt	waarschijnlijk 4030
10774	10774_6510_hu	openhab	1398858903	Niet van toepassing	nee	nvt - geen doelhabitat	NA
10834	NA	foresthab	1429107093	ja	NA	Geen opname : geen doelhabitat	Geen opname - geen boshab
10841	NA	foresthab	1429106838.416	ja	NA	Geen opname : geen toelating	geen toegang privaat domein
11126	NA	foresthab	1429107093	ja	NA	NA	"Twijfelen aan habitatwaardigheid van het bos.Toch maar een opname gedaan. Geen bosbouw nodig.
"
11218	11218_4010	openhab	1407766243	Opname volledig uitgevoerd	ja	100% afgewerkt	NA
11481	NA	foresthab	1524671822.175	ja	NA	NA	1,82m n 111gr vn boom 1
11742	11742_4010	openhab	1407766577	Opname volledig uitgevoerd	ja	100% afgewerkt	"4010
"
11865	NA	foresthab	1524671822.18	ja	NA	NA	"vegetatie n dendro ok 
bom geplaatst3,63m n 43gr vn geritst wilg+Zie opname iedem nummer vorige reeks!"
12274	12274_4030	openhab	1407766243	Opname volledig uitgevoerd	ja	100% afgewerkt	NA
12409	NA	foresthab	1429106679	ja	NA	Geen opname : geen doelhabitat	"geen opname; geen doelhabitat==> grasland met jonge aanplant zE plantverband 6x6m
"
12470	NA	foresthab	1429107093	ja	NA	NA	Op  1,3  330  gr  zwarte els x//
12710	NA	foresthab	1524667485.573	ja	NA	NA	" Baak 28 gr  3,3 m ame.vogelkers
Tiensebaan Molenbeek-Wersbeek/Bekkevoort.."
13022	13022_2310	openhab	1407766577	Niet van toepassing	nee	nvt - geen doelhabitat	Dominantie Struisgras. <20% dwergstruiken
13686	13686_2310	openhab	1407766577	Opname volledig uitgevoerd	ja	100% afgewerkt	"zeer veel Veldkrekels in proefvlak
"
14161	NA	foresthab	1524671822.186	ja	NA	Geen opname : geen doelhabitat	brandnetel/bramen/kleefkruid
14457	NA	foresthab	1524667485.547	ja	NA	Geen opname : geen doelhabitat	NA
15070	15070_2310	openhab	1407766577	Opname volledig uitgevoerd	ja	100% afgewerkt	---> 4010
15150	NA	foresthab	1429106679	ja	NA	Geen opname : geen doelhabitat	"Geen Doelhabitat => Geen opname
"
15465	15465_2330_bu	openhab	1407765730	Niet van toepassing	nee	nvt - geen doelhabitat	NA
15478	NA	foresthab	1429107093	ja	NA	Geen opname : geen doelhabitat	"Geen habitatwaardig bos.
"
15782	NA	foresthab	1429106953	ja	NA	NA	NA
16633	NA	foresthab	1429106838.541	ja	NA	NA	bosbouw n veg ok
18290	NA	foresthab	1524670773.799	ja	NA	NA	NA
18546	18546_6510_hu	openhab	1398858583	Opname volledig uitgevoerd	ja	100% afgewerkt	NA
18898	NA	foresthab	1524670773.81	ja	NA	NA	NA
19158	NA	foresthab	1429106679	ja	NA	Geen opname : geen doelhabitat	Geen opname --> geen doelhabitat en geen oud bos. Kruidlaag= Pijpestrootje met wilde kamperfoelie, Boomlaag= Grove den. Zomereik, en Berk, Struiklaag= lijsterbes. spork. hulst en rhododendron,
19762	NA	foresthab	1524670773.818	ja	NA	NA	NA
20178	20178_2310	openhab	1407766243	Opname volledig uitgevoerd	ja	100% afgewerkt	NA
20217	20217_6510_hu	openhab	1398858903	Opname volledig uitgevoerd	ja	100% afgewerkt	NA
20274	NA	foresthab	1524670773.804	ja	NA	NA	NA
20406	20406_4030	openhab	1407765860	Opname volledig uitgevoerd	ja	100% afgewerkt	NA
20470	NA	foresthab	1524669818.618	ja	NA	NA	NA
20614	NA	foresthab	1524667485.579	ja	NA	NA	baak op 1m / 130gr t-kast 
21025	NA	foresthab	1524671822.19	ja	NA	NA	NA
21430	21430_4030	openhab	1407765860	Opname volledig uitgevoerd	ja	100% afgewerkt	NA
21714	21714_2330_bu	openhab	1407765860	Opname volledig uitgevoerd	ja	100% afgewerkt	NA
22290	22290_2330_bu	openhab	1498464879	Niet van toepassing	nee	nvt - geen doelhabitat	NA
22726	NA	foresthab	1524667485.552	ja	NA	NA	" baak op 3,8m / 258gr ze
Molenbeekplein / Rechtestraat / Silsomstraat Erps-Kwerps (Kortenberg}"
23238	NA	foresthab	1524667485.557	ja	NA	NA	" Baak geplaatst  3,4 m  136 gr
Hellebosstraat Kampenhout.
"
23257	NA	foresthab	1429106838.541	ja	NA	NA	"vegetatie afgewerkt 6/5/bom geplaatst
2,07 m n 47 gr, vn geritste zw,els omtr, 95cm
bosbouw ok 25/1/17"
23385	NA	foresthab	1524671822.195	ja	NA	NA	verhatde weg door plot
23538	23538_4010	openhab	1407766243	Opname volledig uitgevoerd	ja	100% afgewerkt	NA
23762	23762_2310	openhab	1407766243	Opname volledig uitgevoerd	ja	100% afgewerkt	NA
24450	24450_6510_huk	openhab	1398858814	Niet van toepassing	nee	nvt - geen doelhabitat	NA
26262	NA	foresthab	1524669818.611	ja	NA	Geen opname : geen doelhabitat	NA
26322	26322_4030	openhab	1407766243	Opname volledig uitgevoerd	ja	100% afgewerkt	NA
26393	NA	foresthab	1429106838.463	ja	NA	NA	veg n bosbouw ok 19/4/17
26822	NA	foresthab	1524667485.564	ja	NA	NA	baak op 334gr/ 1,7 m pop
27090	27090_2310	openhab	1407766243	Opname volledig uitgevoerd	ja	100% afgewerkt	waarschijnlijk geen 2310 maar 4030
27474	NA	foresthab	1524670773.823	ja	NA	NA	NA
27602	27602_2310	openhab	1407766243	Opname volledig uitgevoerd	ja	100% afgewerkt	NA
27954	27954_6510_hu	openhab	1398858583	Geen opname uitgevoerd	onbepaald	geen toestemming/geen toegang (eigenaar/hond/vee)	NA
28126	28126_4010	openhab	1407766577	Opname volledig uitgevoerd	ja	100% afgewerkt	opname 4010
28370	28370_2310	openhab	1407766243	Opname volledig uitgevoerd	ja	100% afgewerkt	NA
28546	NA	foresthab	1524670772.371	ja	NA	NA	NA
28658	28658_4030	openhab	1407766243	Opname volledig uitgevoerd	ja	100% afgewerkt	NA
28902	28902_6510_hu	openhab	1398858583	Niet van toepassing	nee	nvt - geen doelhabitat	Geen opname ,raaigrasperceel
29202	29202_6510_hu	openhab	1398858583	Niet van toepassing	nee	nvt - geen doelhabitat	spoorwegberm, 1.5m breed
29406	29406_2310	openhab	1407766577	Opname volledig uitgevoerd	ja	100% afgewerkt	NA
29558	NA	foresthab	1524669818.623	ja	NA	Geen opname : geen doelhabitat	"zwarte dreef16 mol
"
29622	29622_2310	openhab	1407765860	Opname volledig uitgevoerd	ja	100% afgewerkt	NA
30153	30153_6510_hu	openhab	1398858453	Niet van toepassing	nee	nvt - geen doelhabitat	NA
31297	31297_6510_hu	openhab	1398858453	Niet van toepassing	nee	nvt - geen doelhabitat	bramen
31401	31401_6510_hu	openhab	1398858903	Niet van toepassing	nee	nvt - geen doelhabitat	NA
31414	NA	foresthab	1524670773.831	ja	NA	NA	NA
31797	31797_6510_hu	openhab	1398858453	Niet van toepassing	nee	nvt - geen doelhabitat	geen opname/tussen fietspad en rijweg,
32466	32466_2310	openhab	1407766243	Opname volledig uitgevoerd	ja	100% afgewerkt	NA
32681	NA	foresthab	1429106679	ja	NA	NA	NA
33502	33502_4010	openhab	1407766577	Opname volledig uitgevoerd	ja	100% afgewerkt	NA
33718	33718_2330_bu	openhab	1407765860	Opname volledig uitgevoerd	ja	100% afgewerkt	NA
34002	34002_4030	openhab	1407765860	Niet van toepassing	nee	nvt - geen doelhabitat	Proefvlak ligt op REMO stort
34514	34514_2310	openhab	1407766243	Opname volledig uitgevoerd	ja	100% afgewerkt	NA
35090	35090_4030	openhab	1407766578	Opname volledig uitgevoerd	ja	100% afgewerkt	NA
35113	35113_6510_hu	openhab	1398858903	Niet van toepassing	nee	nvt - geen doelhabitat	NA
35361	35361_6510_hu	openhab	1398858453	Niet van toepassing	nee	nvt - geen doelhabitat	NA
35794	35794_2310	openhab	1407766243	Opname volledig uitgevoerd	ja	100% afgewerkt	NA
36774	NA	foresthab	1524667485.569	ja	NA	NA	baak op 3,5 m \ 310 gr berk.
37033	NA	foresthab	1429106679	ja	NA	NA	NA
37330	37330_4030	openhab	1407766243	Opname volledig uitgevoerd	ja	100% afgewerkt	NA
37798	37798_6510_hu	openhab	1398858583	Niet van toepassing	nee	nvt - geen doelhabitat	"middelpunt plot ligt op asfaltbaan
"
38006	NA	foresthab	1429106679	ja	NA	Geen opname : geen doelhabitat	geen opname,geen bos, vijver
38098	38098_2310	openhab	1407765860	Opname volledig uitgevoerd	ja	100% afgewerkt	NA
38545	38545_6510_hua	openhab	1398858453	Opname volledig uitgevoerd	ja	100% afgewerkt	NA
40054	40054_4010	openhab	1407766577	Opname volledig uitgevoerd	ja	100% afgewerkt	NA
40146	40146_2310	openhab	1407766243	Opname volledig uitgevoerd	ja	100% afgewerkt	NA
41814	41814_6510_hu	openhab	1398858903	Opname volledig uitgevoerd	ja	100% afgewerkt	NA
42706	NA	foresthab	1429107093	ja	NA	Geen opname : geen doelhabitat	Geen habitat ,ligt buiten bos.
42934	42934_4030	openhab	1407765860	Opname volledig uitgevoerd	ja	100% afgewerkt	NA
43230	43230_4010	openhab	1407766577	Opname volledig uitgevoerd	ja	100% afgewerkt	"4010 opname
"
43566	43566_4030	openhab	1407766578	Opname volledig uitgevoerd	ja	100% afgewerkt	NA
43858	43858_2330_bu	openhab	1407766243	Opname volledig uitgevoerd	ja	100% afgewerkt	NA
44626	44626_4030	openhab	1407766243	Opname volledig uitgevoerd	ja	100% afgewerkt	NA
45526	NA	foresthab	1429106679	ja	NA	NA	"vegetatie gedaan 11/08/2015,
dendro moeilijk doenbaar omwille van te nat, enkel dunne wilgjes aanwezig in proefvlak waarvan niet duidelijk is of het om 1 individu of verschilende stoofjes
gaat.
Alle spillen individueel ingemeten maar wel als hakhout be"
45790	45790_2310	openhab	1407766577	Opname volledig uitgevoerd	ja	100% afgewerkt	NA
46006	46006_4030	openhab	1407765860	Opname volledig uitgevoerd	ja	100% afgewerkt	NA
46662	46662_6510_hu	openhab	1398858583	Opname volledig uitgevoerd	ja	100% afgewerkt	NA
47446	47446_6510_hu	openhab	1398858814	Opname volledig uitgevoerd	ja	100% afgewerkt	NA
47666	47666_4030	openhab	1498569612.886	Opname volledig uitgevoerd	ja	100% afgewerkt	NA
50102	50102_4030	openhab	1407765860	Opname volledig uitgevoerd	ja	100% afgewerkt	NA
53126	53126_6510_hu	openhab	1398858583	Niet van toepassing	nee	nvt - geen doelhabitat	NA
53561	NA	foresthab	1429106953	ja	NA	NA	NA
53970	NA	foresthab	1429107093	ja	NA	Geen opname : tijdelijk nt toeg	{MET RTK DOEN} Niet toegangkelijk elzenbroek ,zeer nat .
54482	54482_4010	openhab	1407765860	Opname volledig uitgevoerd	ja	100% afgewerkt	NA
54994	54994_4030	openhab	1407766243	Opname volledig uitgevoerd	ja	100% afgewerkt	NA
55058	55058_2330_bu	openhab	1407765860	Opname volledig uitgevoerd	ja	100% afgewerkt	NA
59858	59858_2310	openhab	1407766243	Opname volledig uitgevoerd	ja	100% afgewerkt	is waarschijnlijk 4030
60894	60894_4010	openhab	1407766577	Opname volledig uitgevoerd	ja	100% afgewerkt	NA
61522	61522_6510_hu	openhab	1398858812	Niet van toepassing	nee	nvt - geen doelhabitat	NA
62141	62141_4010	openhab	1407766578	Opname volledig uitgevoerd	ja	100% afgewerkt	jonge dennen (struikjes) net grotendeels verwijder
62174	62174_2310	openhab	1407766577	Opname volledig uitgevoerd	ja	100% afgewerkt	NA
62697	62697_6510_hu	openhab	1398858903	Niet van toepassing	nee	nvt - geen doelhabitat	geen opname, geen doelhabitat,
63270	63270_6510_hu	openhab	1398858583	Opname volledig uitgevoerd	ja	100% afgewerkt	NA
63921	63921_6510_hu	openhab	1398858453	Niet van toepassing	nee	nvt - geen doelhabitat	NA
65234	65234_4010	openhab	1407766243	Opname volledig uitgevoerd	ja	100% afgewerkt	NA
65522	65522_4010	openhab	1407766243	Opname volledig uitgevoerd	ja	100% afgewerkt	NA
66006	66006_2310	openhab	1407766577	Opname volledig uitgevoerd	ja	100% afgewerkt	NA
66270	66270_4010	openhab	1407766578	Opname volledig uitgevoerd	ja	100% afgewerkt	4010, gemaaid maar toch opname gedaan.
67161	67161_6510_hu	openhab	1398858453	Niet van toepassing	nee	nvt - geen doelhabitat	bos
68562	68562_4010	openhab	1407766243	Niet van toepassing	nee	nvt - geen doelhabitat	100% pijpenstrootje
69097	NA	foresthab	1429106679	ja	NA	NA	NA
69385	69385_6510_hu	openhab	1398858453	Geen opname uitgevoerd	onbepaald	opname onmogelijk (gemaaid/begraasd/te nat/ondoordringbaar)	kortbegraasd
69558	69558_2310	openhab	1407765860	Niet van toepassing	nee	nvt - geen doelhabitat	NA
70582	70582_2330_bu	openhab	1407765860	Niet van toepassing	nee	nvt - geen doelhabitat	NA
70866	70866_4030	openhab	1407765860	Niet van toepassing	nee	nvt - geen doelhabitat	geen opname owv geen heidehabitat, maar struisgral
71902	71902_4010	openhab	1407766578	Opname volledig uitgevoerd	ja	100% afgewerkt	NA
72690	72690_4010	openhab	1407766243	Opname volledig uitgevoerd	ja	100% afgewerkt	NA
75126	75126_2330_bu	openhab	1407766577	Niet van toepassing	nee	nvt - geen doelhabitat	Bochtige smele, niet in heidelandschap, zie fotos
75474	75474_4030	openhab	1407766243	Opname volledig uitgevoerd	ja	100% afgewerkt	NA
76242	76242_4010	openhab	1407766243	Opname volledig uitgevoerd	ja	100% afgewerkt	NA
76294	NA	foresthab	1429106953	ja	NA	Geen opname : geen doelhabitat	geen vc maar 9130 te hoge rating
76754	76754_2310	openhab	1407766243	Opname volledig uitgevoerd	ja	100% afgewerkt	NA
77278	77278_4010	openhab	1407766578	Opname volledig uitgevoerd	ja	100% afgewerkt	"Enkele jaren geleden geplagd.
"
77394	77394_4030	openhab	1407766244	Opname volledig uitgevoerd	ja	100% afgewerkt	NA
78294	78294_6510_hu	openhab	1398858903	Opname volledig uitgevoerd	ja	100% afgewerkt	doelhabitat 6510hu
78558	78558_4030	openhab	1407766578	Niet van toepassing	nee	nvt - geen doelhabitat	NA
79089	79089_6510_hu	openhab	1398858453	Niet van toepassing	nee	nvt - geen doelhabitat	brandnetelruigte
79986	79986_6510_hu	openhab	1399474146	Opname volledig uitgevoerd	ja	100% afgewerkt	NA
81374	81374_4010	openhab	1407766578	Opname volledig uitgevoerd	ja	100% afgewerkt	"4010
"
81638	NA	foresthab	1429107093	ja	NA	Geen opname : geen doelhabitat	Geen habitatwaardig bos.
81985	81985_4010	openhab	1407765730	Niet van toepassing	nee	nvt - geen doelhabitat	NA
82222	82222_4030	openhab	1463660472	Opname volledig uitgevoerd	ja	100% afgewerkt	NA
82654	82654_4010	openhab	1407766578	Opname volledig uitgevoerd	ja	100% afgewerkt	NA
82870	82870_2330_bu	openhab	1498464879	Niet van toepassing	nee	nvt - geen doelhabitat	verbost
84946	84946_2310	openhab	1407766243	Opname volledig uitgevoerd	ja	100% afgewerkt	waarschijnlijk 4030 en geen 2310
85529	NA	foresthab	1429106838.463	ja	NA	NA	"bom op 5m n 117 gr, vn geritste 
boskers vn 45cm/ vegetatie ok op 26/5/15"
85714	85714_2310	openhab	1407766243	Niet van toepassing	nee	nvt - geen doelhabitat	NA
85890	NA	foresthab	1429106953	ja	NA	NA	NA
87250	87250_4030	openhab	1463660348	Opname volledig uitgevoerd	ja	100% afgewerkt	NA
88274	NA	foresthab	1429107093	ja	NA	NA	"Op 0,8 m  219 gr  berk //.
"
89310	89310_4030	openhab	1498466397.357	Opname gedeeltelijk uitgevoerd	ja	opname tijdelijk onmogelijk (gemaaid/te nat/ondoordringbaar)	NA
90846	90846_2310	openhab	1407766577	Opname volledig uitgevoerd	ja	100% afgewerkt	NA
91122	91122_4030	openhab	1463660348	Opname volledig uitgevoerd	ja	100% afgewerkt	NA
91410	91410_4030	openhab	1463660164	Opname volledig uitgevoerd	ja	100% afgewerkt	NA
91446	91446_6510_hu	openhab	1398858814	Niet van toepassing	nee	nvt - geen doelhabitat	NA
91510	91510_2310	openhab	1407766577	Opname volledig uitgevoerd	ja	100% afgewerkt	NA
91614	91614_4030	openhab	1498466394.67	Opname volledig uitgevoerd	ja	100% afgewerkt	4010
92126	92126_4030	openhab	1498466397.367	Opname volledig uitgevoerd	ja	100% afgewerkt	"4030
"
92382	92382_4010	openhab	1407766578	Opname volledig uitgevoerd	ja	100% afgewerkt	NA
93138	93138_2310	openhab	1407766243	Opname volledig uitgevoerd	ja	100% afgewerkt	NA
94194	94194_4030	openhab	1498569612.192	Niet van toepassing	nee	nvt - geen doelhabitat	NA
94942	94942_2310	openhab	1407766577	Opname volledig uitgevoerd	ja	100% afgewerkt	NA
95158	95158_2310	openhab	1407765860	Opname volledig uitgevoerd	ja	100% afgewerkt	NA
95218	95218_4030	openhab	1498569612.886	Opname volledig uitgevoerd	ja	100% afgewerkt	NA
95710	95710_4010	openhab	1407766578	Opname volledig uitgevoerd	ja	100% afgewerkt	"4010, opname.
"
96217	NA	foresthab	1429106838.478	ja	NA	NA	"vegetatie afgewerkt 13/5/15 bom
geplaatst 4.30 m n250gr. vn geritste beuk omtr. 253 cm
kwelzone mt vc 30 m tn oosten verlegd rasterpunt;
dendro ok 31/3/16"
96978	96978_2330_bu	openhab	1407766243	Opname volledig uitgevoerd	ja	100% afgewerkt	NA
98002	98002_2310	openhab	1407766243	Opname volledig uitgevoerd	ja	100% afgewerkt	NA
98705	98705_6510_hu	openhab	1463654083	Niet van toepassing	nee	nvt - geen doelhabitat	gemaaide wegberm,veldwerk quasi onmogelijk 13/6/19
99521	99521_6510_hu	openhab	1398858453	Opname volledig uitgevoerd	ja	100% afgewerkt	NA
99538	99538_4030	openhab	1498464881	Geen opname uitgevoerd	onbepaald	opname onmogelijk (gemaaid/begraasd/te nat/ondoordringbaar)	NA
100050	100050_4010	openhab	1407766243	Opname volledig uitgevoerd	ja	100% afgewerkt	NA
100297	100297_6510_hu	openhab	1463654083	Opname volledig uitgevoerd	ja	100% afgewerkt	"opname gedaan,70 meter naar zuiden verlegd.
"
100626	100626_4030	openhab	1498464881	Opname volledig uitgevoerd	ja	100% afgewerkt	NA
102098	102098_2310	openhab	1407766243	Opname volledig uitgevoerd	ja	100% afgewerkt	NA
103350	103350_4010	openhab	1407765860	Niet van toepassing	nee	nvt - geen doelhabitat	NA
103609	NA	foresthab	1429106953	ja	NA	NA	NA
103634	103634_4030	openhab	1498464881	Opname volledig uitgevoerd	ja	100% afgewerkt	NA
104342	NA	foresthab	1429106679	ja	NA	NA	"Vjf gedaan ==> cfr zegges. 
Volledig afgewerkt

"
105006	105006_4010	openhab	1407766578	Niet van toepassing	nee	nvt - geen doelhabitat	"bos met pijpestrootje en bochtige smele.
"
105682	105682_2310	openhab	1407766243	Opname volledig uitgevoerd	ja	100% afgewerkt	NA
106614	106614_4010	openhab	1407766578	Opname volledig uitgevoerd	ja	100% afgewerkt	"6510
"
111326	111326_4010	openhab	1407766578	Opname volledig uitgevoerd	ja	100% afgewerkt	NA
111918	111918_4030	openhab	1498466394.67	Opname volledig uitgevoerd	ja	100% afgewerkt	"4030,
helft cirkelplot en pq recent gechopperd."
112850	112850_4030	openhab	1498464881	Opname volledig uitgevoerd	ja	100% afgewerkt	NA
112889	NA	foresthab	1429106953	ja	NA	Geen opname : geen doelhabitat	9130 end, volgens ranking geen opname
114386	114386_4010	openhab	1407766243	Niet van toepassing	nee	nvt - geen doelhabitat	is 4030
114654	114654_4030	openhab	1498466394.68	Niet van toepassing	nee	nvt - geen doelhabitat	bos
115334	115334_4030	openhab	1498464881	Niet van toepassing	nee	nvt - geen doelhabitat	NA
115422	115422_2310	openhab	1407766577	Opname volledig uitgevoerd	ja	100% afgewerkt	NA
115638	115638_4030	openhab	1498464881	Opname volledig uitgevoerd	ja	100% afgewerkt	NA
116434	116434_4030	openhab	1498569612.192	Opname volledig uitgevoerd	ja	100% afgewerkt	NA
116946	116946_2310	openhab	1407765860	Niet van toepassing	nee	nvt - geen doelhabitat	plot ligt in bosvegetatie geheel onder de kroonslu
117202	117202_2310	openhab	1407766243	Opname volledig uitgevoerd	ja	100% afgewerkt	NA
117878	NA	foresthab	1429107093	ja	NA	Geen opname : permanent nt toegankelijk	Onbereikbaar eiland in oude zandwinnjngsput,
118441	118441_6510_hu	openhab	1463654888	Opname volledig uitgevoerd	ja	100% afgewerkt	opname gedaan
120018	120018_4010	openhab	1407765860	Opname volledig uitgevoerd	ja	100% afgewerkt	NA
120110	120110_4010	openhab	1407766578	Opname volledig uitgevoerd	ja	100% afgewerkt	NA
120530	120530_4030	openhab	1498569612.906	Opname volledig uitgevoerd	ja	100% afgewerkt	NA
121042	NA	foresthab	1429107093	nee	NA	Geen (volledig) terreinbezoek uitgevoerd	X// zw-els 0,5m op 42gr.
121734	121734_6510_hu	openhab	1398858583	Niet van toepassing	nee	nvt - geen doelhabitat	geen opname geen typische soorten,
122578	122578_4010	openhab	1407766243	Opname volledig uitgevoerd	ja	100% afgewerkt	NA
123614	123614_4010	openhab	1407766578	Niet van toepassing	nee	nvt - geen doelhabitat	onbegaanbare natte pitrusvlakte,proefvlak hoogstwa
124278	124278_2310	openhab	1407766577	Opname volledig uitgevoerd	ja	100% afgewerkt	NA
124382	124382_4010	openhab	1407766578	Opname volledig uitgevoerd	ja	100% afgewerkt	4010 , opname gedaan.
125394	125394_2310	openhab	1407766243	Opname volledig uitgevoerd	ja	100% afgewerkt	vergrasd 4030
125998	125998_4010	openhab	1407766578	Opname volledig uitgevoerd	ja	100% afgewerkt	NA
126430	126430_4010	openhab	1407766578	Niet van toepassing	nee	nvt - geen doelhabitat	Geen opname, vegetatieplot ligt in uitgedroogde gr
127218	127218_6510_hu	openhab	1398858812	Opname volledig uitgevoerd	ja	100% afgewerkt	NA
127710	127710_4010	openhab	1407766578	Opname volledig uitgevoerd	ja	100% afgewerkt	"opname gedaan, 2310
"
128350	128350_6510_hus	openhab	1398858903	Niet van toepassing	nee	nvt - geen doelhabitat	"geen doelvegetatie
"
128786	128786_4030	openhab	1498464881	Opname volledig uitgevoerd	ja	100% afgewerkt	NA
129234	129234_4010	openhab	1407765860	Opname volledig uitgevoerd	ja	100% afgewerkt	NA
131282	131282_6510_hu	openhab	1463654688	Niet van toepassing	nee	nvt - geen doelhabitat	NA
131806	131806_4010	openhab	1407766578	Opname volledig uitgevoerd	ja	100% afgewerkt	NA
132818	NA	foresthab	1429107093	ja	NA	Geen opname : tijdelijk nt toeg	Geen volledige opname,hoge waterstand.
134098	134098_2310	openhab	1407766243	Opname volledig uitgevoerd	ja	100% afgewerkt	NA
136402	136402_2310	openhab	1407765860	Opname volledig uitgevoerd	ja	100% afgewerkt	NA
136466	136466_6510_hus	openhab	1398858583	Opname volledig uitgevoerd	ja	100% afgewerkt	NA
136697	NA	foresthab	1429106953	ja	NA	NA	NA
137401	NA	foresthab	1429106953	ja	NA	Geen opname : geen doelhabitat	91E0va  geen opname
138226	138226_4010	openhab	1463660348	Niet van toepassing	nee	nvt - geen doelhabitat	NA
139577	NA	foresthab	1429106953	ja	NA	Geen opname : geen doelhabitat	geen vc geen opname 9130 wegens ranking
140006	NA	foresthab	1429107093	ja	NA	NA	Punt op 2m/6gr. t.o.v. X\\ berk.
140341	140341_6510_hu	openhab	1463654083	Niet van toepassing	nee	nvt - geen doelhabitat	NA
140374	NA	foresthab	1429107093	ja	NA	Geen opname : geen doelhabitat	Nog niet boshabitatwaardig.
141778	141778_4010	openhab	1498569592.616	Opname volledig uitgevoerd	ja	100% afgewerkt	NA
143382	143382_6510_hu	openhab	1463654888	Opname volledig uitgevoerd	ja	100% afgewerkt	"opname gedaan
"
143602	143602_6510_hu	openhab	1398858812	Niet van toepassing	nee	nvt - geen doelhabitat	bos
144094	144094_2310	openhab	1407766577	Opname volledig uitgevoerd	ja	100% afgewerkt	NA
146265	NA	foresthab	1429106838.494	ja	NA	NA	dendro ok 11/3/16vegetatie ok 22/4/15/ bom 66gr, n 0,66m vn geritste es hakhout 54cm
146966	146966_6510_hu	openhab	1525855657.221	Niet van toepassing	nee	nvt - geen doelhabitat	Brandnetelruigte met riet. Geen doelhabitat binnen
147174	NA	foresthab	1429107093	ja	NA	NA	Op  1,2 m 190 gr  berk x//
148406	148406_4030	openhab	1498464881	Opname volledig uitgevoerd	ja	100% afgewerkt	NA
149225	NA	foresthab	1429106679	ja	NA	NA	NA
150902	150902_2310	openhab	1463660164	Niet van toepassing	nee	nvt - geen doelhabitat	NA
150962	150962_6510_huk	openhab	1398858812	Niet van toepassing	nee	nvt - geen doelhabitat	NA
151250	151250_2310	openhab	1407766243	Opname volledig uitgevoerd	ja	100% afgewerkt	NA
151318	151318_6510_hu	openhab	1525855657.221	Opname volledig uitgevoerd	ja	100% afgewerkt	NA
151350	151350_6510_hu	openhab	1525855657.236	Niet van toepassing	nee	nvt - geen doelhabitat	NA
151426	151426_6510_hu	openhab	1525855561.438	Niet van toepassing	nee	nvt - geen doelhabitat	opslagdepot spoorwegen
151830	151830_6510_hu	openhab	1398858903	Niet van toepassing	nee	nvt - geen doelhabitat	geen opname;fietspad,
152769	152769_6510_hu	openhab	1398858453	Niet van toepassing	nee	nvt - geen doelhabitat	gebrek aan typische soorten in plot en perceel,
152786	152786_2310	openhab	1407765860	Opname volledig uitgevoerd	ja	100% afgewerkt	NA
153041	153041_6510_hu	openhab	1525854766.112	Niet van toepassing	nee	nvt - geen doelhabitat	NA
154834	154834_4010	openhab	1498569592.616	Opname volledig uitgevoerd	ja	100% afgewerkt	NA
155346	NA	foresthab	1429107093	ja	NA	NA	kaalkap. BB afgewerkt maar geen bomen in de plot.
156382	156382_2310	openhab	1498466390.578	Opname volledig uitgevoerd	ja	100% afgewerkt	2310
157542	157542_6510_hu	openhab	1525855464.729	Niet van toepassing	nee	nvt - geen doelhabitat	NA
158002	158002_2310	openhab	1498569592.445	Opname volledig uitgevoerd	ja	100% afgewerkt	NA
159198	159198_4010	openhab	1498466390.734	Geen opname gevraagd 	ja	te hoge RANKING	NA
159314	159314_4030	openhab	1498569612.202	Opname volledig uitgevoerd	ja	100% afgewerkt	NA
159401	NA	foresthab	1429106679	ja	NA	NA	NA
159414	NA	foresthab	1429107093	ja	NA	NA	punt op 1m/8gr.X// berk.
160374	160374_2330_bu	openhab	1498464879	Niet van toepassing	nee	nvt - geen doelhabitat	NA
160694	160694_2310	openhab	1498464879	Opname volledig uitgevoerd	ja	100% afgewerkt	NA
162749	162749_6510_hu	openhab	1525855657.236	Niet van toepassing	nee	nvt - geen doelhabitat	punt ligt in brede houtkant. Geen doelhabitat in o
162790	162790_6510_hu	openhab	1398858583	Opname volledig uitgevoerd	ja	100% afgewerkt	NA
162898	162898_6510_hu	openhab	1398858812	Niet van toepassing	nee	nvt - geen doelhabitat	NA
163513	NA	foresthab	1429106953	ja	NA	Geen opname : geen doelhabitat	geen habitat
163538	163538_2310	openhab	1498569592.445	Opname volledig uitgevoerd	ja	100% afgewerkt	NA
164793	NA	foresthab	1429106953	ja	NA	NA	NA
165586	165586_4030	openhab	1498569612.202	Opname volledig uitgevoerd	ja	100% afgewerkt	NA
165913	NA	foresthab	1429106838.556	ja	NA	NA	"vegetatie n A2 ok op 11/5/16
bosbouw ok 9/2/17
bomen op steile taludrand nt ingemeten
bom 2m n 233gr, vn geritste es omtr 65cm"
166102	166102_2310	openhab	1498466390.578	Geen opname gevraagd 	ja	voldoende opnames beschikbaar	2310
167286	167286_2310	openhab	1463660164	Niet van toepassing	nee	nvt - geen doelhabitat	NA
167606	NA	foresthab	1429107093	ja	NA	Geen opname : geen doelhabitat	"Geen habitatwaardig bos.Dominantie va
n adelaarsvaren."
168886	168886_4030	openhab	1498464881	Opname volledig uitgevoerd	ja	100% afgewerkt	NA
169094	169094_6510_hu	openhab	1525855464.729	Niet van toepassing	nee	nvt - geen doelhabitat	verkaveling
169170	169170_2310	openhab	1498464879	Opname volledig uitgevoerd	ja	100% afgewerkt	NA
170206	170206_4030	openhab	1498466396.231	Opname volledig uitgevoerd	ja	100% afgewerkt	"4030, 4010
"
170294	170294_4030	openhab	1498466396.231	Niet van toepassing	nee	nvt - geen doelhabitat	uitgedroogd ven, geen doelhabitat
170834	170834_2330_bu	openhab	1463660348	Opname volledig uitgevoerd	ja	100% afgewerkt	NA
171545	171545_6510_hu	openhab	1525854766.114	Niet van toepassing	nee	nvt - geen doelhabitat	NA
174134	174134_6510_hu	openhab	1525855464.729	Niet van toepassing	nee	nvt - geen doelhabitat	geen typische soorten
174546	174546_2310	openhab	1498569592.445	Opname volledig uitgevoerd	ja	100% afgewerkt	NA
175698	175698_4030	openhab	1498569612.202	Opname volledig uitgevoerd	ja	100% afgewerkt	NA
176862	176862_2310	openhab	1498466390.594	Opname volledig uitgevoerd	ja	100% afgewerkt	"4010

"
177078	177078_2330_bu	openhab	1407765860	Opname volledig uitgevoerd	ja	100% afgewerkt	NA
177778	177778_6510_hu	openhab	1398858583	Niet van toepassing	nee	nvt - geen doelhabitat	Rp ligt in brede gracht,engels raaigras en witbol
179462	179462_6510_hu	openhab	1525855464.729	Niet van toepassing	nee	nvt - geen doelhabitat	tuin
179922	179922_2310	openhab	1498569592.46	Opname volledig uitgevoerd	ja	100% afgewerkt	NA
180625	180625_6510_hu	openhab	1525854766.116	Niet van toepassing	nee	nvt - geen doelhabitat	NA
181234	181234_4030	openhab	1498569612.212	Opname volledig uitgevoerd	ja	100% afgewerkt	NA
182054	182054_6510_hu	openhab	1525855464.729	Opname volledig uitgevoerd	ja	100% afgewerkt	NA
182482	182482_4030	openhab	1498464881	Opname volledig uitgevoerd	ja	100% afgewerkt	NA
183593	NA	foresthab	1429106679	ja	NA	NA	NA
183734	183734_6510_hu	openhab	1525855561.438	Opname volledig uitgevoerd	ja	100% afgewerkt	NA
186850	186850_6510_hu	openhab	1525855561.438	Opname volledig uitgevoerd	ja	100% afgewerkt	NA
188022	NA	foresthab	1429107093	ja	NA	NA	Op  0,6 m  90 gr  berk x//.
190162	190162_4030	openhab	1498569612.212	Opname volledig uitgevoerd	ja	100% afgewerkt	NA
190802	NA	foresthab	1429107093	ja	NA	NA	NA
190902	190902_6510_hu	openhab	1525855561.438	Opname volledig uitgevoerd	ja	100% afgewerkt	NA
191442	191442_2310	openhab	1498569592.46	Opname volledig uitgevoerd	ja	100% afgewerkt	NA
191698	191698_2310	openhab	1498569592.46	Opname volledig uitgevoerd	ja	100% afgewerkt	NA
191966	191966_4030	openhab	1498466396.768	Opname volledig uitgevoerd	ja	100% afgewerkt	4030
192022	192022_6510_hu	openhab	1525855657.236	Niet van toepassing	nee	nvt - geen doelhabitat	"geen doelhabitat binnen 100 meter.
"
193213	193213_4030	openhab	1498466396.778	Niet van toepassing	nee	nvt - geen doelhabitat	gemaaide rand langs buitenkant weiland,
193246	193246_4010	openhab	1498466392.181	Opname volledig uitgevoerd	ja	100% afgewerkt	4010
194033	194033_6510_hu	openhab	1525854766.117	Niet van toepassing	nee	nvt - geen doelhabitat	opname veldwerk quasi onmogelijk/gemaaid
195046	NA	foresthab	1429106953	ja	NA	Geen opname : geen doelhabitat	9120 dus geen opname
196022	NA	foresthab	1524670773.839	ja	NA	NA	NA
196306	196306_2310	openhab	1498569592.46	Opname volledig uitgevoerd	ja	100% afgewerkt	NA
198137	NA	foresthab	1429106953	ja	NA	NA	geen bom
199122	199122_2310	openhab	1498569592.476	Opname volledig uitgevoerd	ja	100% afgewerkt	NA
200630	200630_4030	openhab	1498464881	Opname volledig uitgevoerd	ja	100% afgewerkt	NA
200850	NA	foresthab	1524670773.847	ja	NA	Geen opname : geen doelhabitat	middepunt 9190 ranking, 30 percent 91Evm rand proevvlak sterke scheiding tussen beide
201689	NA	foresthab	1429106838.494	ja	NA	NA	"dendro ok n vegetatie ok 6/4/15/
dendro ok 20/1/16
bom geplaatst op 3,12m n 355gr vn geritste gew,esdoorn omtr, 47cm,"
201938	201938_4010	openhab	1498464879	Niet van toepassing	nee	nvt - geen doelhabitat	NA
202185	202185_6510_hu	openhab	1525854766.119	Niet van toepassing	nee	nvt - geen doelhabitat	NA
203350	203350_6510_hu	openhab	1525855657.236	Niet van toepassing	nee	nvt - geen doelhabitat	Ruigte met riet langs nete. 
205113	NA	foresthab	1429106953	ja	NA	Geen opname : geen doelhabitat	9130 end maar volgens ranking geen opname
205501	205501_4030	openhab	1498466396.778	Opname volledig uitgevoerd	ja	100% afgewerkt	4030
206134	206134_6510_hu	openhab	1398858814	Opname volledig uitgevoerd	ja	100% afgewerkt	NA
206546	206546_4030	openhab	1498569612.222	Opname volledig uitgevoerd	ja	100% afgewerkt	NA
207314	207314_2310	openhab	1498569592.476	Opname volledig uitgevoerd	ja	100% afgewerkt	NA
208134	208134_6510_hu	openhab	1398858583	Niet van toepassing	nee	nvt - geen doelhabitat	centrum plot ligt niet in grasland
208350	208350_4030	openhab	1498466396.788	Opname volledig uitgevoerd	ja	100% afgewerkt	"4010
"
210377	210377_6510_hu	openhab	1525854766.12	Niet van toepassing	nee	nvt - geen doelhabitat	NA
211193	NA	foresthab	1429106953	ja	NA	NA	NA
212062	212062_4030	openhab	1498466396.798	Opname volledig uitgevoerd	ja	100% afgewerkt	4030
213138	NA	foresthab	1524670773.854	ja	NA	NA	NA
213302	213302_6510_hu	openhab	1399474259	Niet van toepassing	nee	nvt - geen doelhabitat	NA
213726	213726_4010	openhab	1498466392.197	Opname gedeeltelijk uitgevoerd	ja	opname nog niet 100% klaar	"(c) LG bedekkingen ontbreken 4010
"
213942	213942_2330_bu	openhab	1407765860	Opname volledig uitgevoerd	ja	100% afgewerkt	NA
216018	216018_4010	openhab	1498569610.841	Opname volledig uitgevoerd	ja	100% afgewerkt	NA
216118	216118_6510_hu	openhab	1525855464.745	Opname volledig uitgevoerd	ja	100% afgewerkt	NA
216438	216438_2330_bu	openhab	1463660164	Niet van toepassing	nee	nvt - geen doelhabitat	NA
216786	216786_2310	openhab	1498569592.476	Opname volledig uitgevoerd	ja	100% afgewerkt	NA
216798	216798_2310	openhab	1498466390.594	Niet van toepassing	nee	nvt - geen doelhabitat	bos
217014	217014_4030	openhab	1498464882	Opname volledig uitgevoerd	ja	100% afgewerkt	NA
217049	NA	foresthab	1429106838.51	ja	NA	Geen opname : geen doelhabitat	gn habitat
218038	218038_4030	openhab	1498464882	Niet van toepassing	nee	nvt - geen doelhabitat	NA
218086	218086_6510_hu	openhab	1525855561.454	Opname volledig uitgevoerd	ja	100% afgewerkt	NA
218162	218162_6510_hu	openhab	1399474146	Niet van toepassing	nee	nvt - geen doelhabitat	NA
218322	218322_2330_bu	openhab	1407765860	Opname volledig uitgevoerd	ja	100% afgewerkt	NA
218834	NA	foresthab	1429107093	ja	NA	Geen opname : geen doelhabitat	Geen habitat  vlaamse koterij
219446	219446_2310	openhab	1498464879	Opname volledig uitgevoerd	ja	100% afgewerkt	NA
219694	NA	foresthab	1524669818.635	ja	NA	NA	NA
220518	220518_6510_hu	openhab	1525855464.745	Niet van toepassing	nee	nvt - geen doelhabitat	NA
220786	220786_6510_huk	openhab	1398858583	Opname volledig uitgevoerd	ja	100% afgewerkt	is een opname, maar op moment van bezoek 2/6 stier
222194	222194_4010	openhab	1498569610.841	Opname volledig uitgevoerd	ja	100% afgewerkt	NA
222261	222261_6510_hu	openhab	1525854766.122	Niet van toepassing	nee	nvt - geen doelhabitat	"slechts 2 typische soorten op perceelsniveau
"
222377	NA	foresthab	1429106679	ja	NA	NA	NA
223026	223026_6510_hu	openhab	1525855561.454	Niet van toepassing	nee	nvt - geen doelhabitat	NA
223570	223570_6510_hu	openhab	1398858812	Niet van toepassing	nee	nvt - geen doelhabitat	NA
224726	NA	foresthab	1429106679	ja	NA	Geen opname : geen doelhabitat	Geen doelhabitat ==> 9160 ==> geen opname
224850	224850_4030	openhab	1498569612.836	Opname volledig uitgevoerd	ja	100% afgewerkt	NA
225910	225910_2330_bu	openhab	1407765860	Opname volledig uitgevoerd	ja	100% afgewerkt	NA
226014	226014_4010	openhab	1498466392.212	Opname volledig uitgevoerd	ja	100% afgewerkt	NA
226230	226230_2330_bu	openhab	1407765860	Opname volledig uitgevoerd	ja	100% afgewerkt	NA
226606	226606_4030	openhab	1498466397.327	Opname volledig uitgevoerd	ja	100% afgewerkt	"4030
"
227110	227110_6510_hu	openhab	1525855464.823	Niet van toepassing	nee	nvt - geen doelhabitat	NA
229074	229074_4010	openhab	1498569610.857	Opname volledig uitgevoerd	ja	100% afgewerkt	NA
230110	230110_2310	openhab	1498466390.594	Opname volledig uitgevoerd	ja	100% afgewerkt	"4010 > opname
"
230930	NA	foresthab	1429107093	ja	NA	NA	;;punt op 4m/220gr.X//berk. BB opgemeten met reverse m. 
231702	231702_6510_hus	openhab	1398858903	Opname volledig uitgevoerd	ja	100% afgewerkt	NA
232961	232961_6510_hu	openhab	1525854766.124	Niet van toepassing	nee	nvt - geen doelhabitat	NA
233398	233398_4010	openhab	1498464879	Opname volledig uitgevoerd	ja	100% afgewerkt	NA
233938	233938_4030	openhab	1498569612.846	Niet van toepassing	nee	nvt - geen doelhabitat	NA
234297	NA	foresthab	1429106953	ja	NA	NA	NA
234974	234974_4030	openhab	1498466397.337	Opname volledig uitgevoerd	ja	100% afgewerkt	4030
235822	235822_4030	openhab	1498466397.347	Niet van toepassing	nee	nvt - geen doelhabitat	NA
236370	236370_2330_bu	openhab	1407766243	Opname volledig uitgevoerd	ja	100% afgewerkt	NA
236530	236530_4030	openhab	1498569612.856	Opname volledig uitgevoerd	ja	100% afgewerkt	NA
236657	236657_6510_hu	openhab	1525854766.126	Opname volledig uitgevoerd	ja	100% afgewerkt	NA
236754	236754_2310	openhab	1498569592.492	Opname volledig uitgevoerd	ja	100% afgewerkt	NA
237970	NA	foresthab	1524670773.861	ja	NA	NA	NA
238313	NA	foresthab	1429106679	ja	NA	NA	NA
238454	238454_2330_bu	openhab	1407766577	Geen opname uitgevoerd	onbepaald	geen toestemming/geen toegang (eigenaar/hond/vee)	"vanaf afsluiting gezien geen habitat.
"
238902	238902_6510_hu	openhab	1399474259	Niet van toepassing	nee	nvt - geen doelhabitat	NA
239838	239838_4030	openhab	1498466397.347	Opname volledig uitgevoerd	ja	100% afgewerkt	NA
240466	240466_2310	openhab	1498569592.492	Opname volledig uitgevoerd	ja	100% afgewerkt	NA
240914	240914_2330_bu	openhab	1498464879	Niet van toepassing	nee	nvt - geen doelhabitat	verbossing
241234	241234_4030	openhab	1498569612.866	Opname volledig uitgevoerd	ja	100% afgewerkt	NA
241630	241630_2310	openhab	1498466390.594	Niet van toepassing	nee	nvt - geen doelhabitat	bos
241650	241650_4030	openhab	1498569612.876	Opname volledig uitgevoerd	ja	100% afgewerkt	NA
242398	242398_2310	openhab	1498466390.61	Opname volledig uitgevoerd	ja	100% afgewerkt	"2310
"
243698	243698_4010	openhab	1498569610.857	Opname volledig uitgevoerd	ja	100% afgewerkt	NA
243846	243846_6510_hu	openhab	1398858583	Opname volledig uitgevoerd	ja	100% afgewerkt	NA
245458	245458_2310	openhab	1498569592.492	Opname volledig uitgevoerd	ja	100% afgewerkt	NA
248402	NA	foresthab	1429107093	ja	NA	Geen opname : geen doelhabitat	Hoogspannnskabine INFRAX
248946	NA	foresthab	1429106953	ja	NA	Geen opname : geen doelhabitat	9160 rating te hoog
249846	NA	foresthab	1429106679	ja	NA	Geen opname : geen doelhabitat	"geen doelhabitat ( habitat op terrein is 91E0 vm) , Buiten sbz,ranking te groot> 

geen opname
"
251090	251090_4010	openhab	1498464879	Opname volledig uitgevoerd	ja	100% afgewerkt	NA
253593	NA	foresthab	1429106838.572	ja	NA	NA	NA
255826	255826_4010	openhab	1498569610.857	Niet van toepassing	nee	nvt - geen doelhabitat	NA
256978	256978_4010	openhab	1498569610.872	Opname volledig uitgevoerd	ja	100% afgewerkt	NA
257081	NA	foresthab	1429106838.51	ja	NA	NA	"vegtatie ok 28/4//1,58m n48gr, vn geritste olm 24cm
bosbouw ok 25/1/17"
258390	258390_6510_hu	openhab	1398858814	Opname volledig uitgevoerd	ja	100% afgewerkt	NA
258782	258782_2310	openhab	1498466390.61	Opname volledig uitgevoerd	ja	100% afgewerkt	"2310
"
260082	NA	foresthab	1524670773.87	ja	NA	NA	NA
260306	260306_4010	openhab	1498464879	Opname volledig uitgevoerd	ja	100% afgewerkt	NA
261854	261854_4010	openhab	1498466393.996	Opname volledig uitgevoerd	ja	100% afgewerkt	NA
262038	NA	foresthab	1429106679	ja	NA	Geen opname : geen doelhabitat	geen opname, geen doelhabitat.
262130	NA	foresthab	1524670773.878	ja	NA	Geen opname : permanent nt toegankelijk	omheind, 91Evo berk met gagel
264566	264566_2330_bu	openhab	1407766577	Niet van toepassing	nee	nvt - geen doelhabitat	"op weg met steenslag
"
265170	265170_2310	openhab	1498569592.492	Opname volledig uitgevoerd	ja	100% afgewerkt	NA
266294	266294_2310	openhab	1498464879	Opname volledig uitgevoerd	ja	100% afgewerkt	NA
266834	266834_4010	openhab	1498569610.872	Opname volledig uitgevoerd	ja	100% afgewerkt	NA
267190	267190_2330_bu	openhab	1407765860	Opname volledig uitgevoerd	ja	100% afgewerkt	NA
267474	267474_2310	openhab	1498464879	Opname volledig uitgevoerd	ja	100% afgewerkt	NA
267513	NA	foresthab	1524667485.607	ja	NA	NA	"baak op 1m / 188gr zw-els
Seepscherf / Baardegem"
269298	269298_4010	openhab	1498569610.872	Opname volledig uitgevoerd	ja	100% afgewerkt	NA
270034	NA	foresthab	1524670773.905	ja	NA	Geen opname : geen doelhabitat	qb
271446	NA	foresthab	1524669818.64	ja	NA	NA	91EO_vo : ingemeten + veg 
272569	NA	foresthab	1524671822.288	ja	NA	Geen opname : permanent nt toegankelijk	NA
272850	272850_4010	openhab	1498569610.888	Opname volledig uitgevoerd	ja	100% afgewerkt	NA
275382	275382_2310	openhab	1498464879	Opname volledig uitgevoerd	ja	100% afgewerkt	NA
275830	275830_2310	openhab	1498464879	Opname volledig uitgevoerd	ja	100% afgewerkt	NA
276438	276438_2330_bu	openhab	1498466390.703	Niet van toepassing	nee	nvt - geen doelhabitat	gewoon struisgras met een enkele zandzegge.
277214	277214_2310	openhab	1498466390.61	Opname volledig uitgevoerd	ja	100% afgewerkt	4010
277225	NA	foresthab	1429106679	ja	NA	NA	NA
279478	279478_2330_bu	openhab	1407765860	Opname volledig uitgevoerd	ja	100% afgewerkt	NA
281554	281554_2310	openhab	1498569592.507	Opname volledig uitgevoerd	ja	100% afgewerkt	NA
282322	282322_4010	openhab	1498569610.888	Opname volledig uitgevoerd	ja	100% afgewerkt	NA
282678	282678_2310	openhab	1498464879	Opname volledig uitgevoerd	ja	100% afgewerkt	NA
282793	282793_6510_hu	openhab	1398858903	Niet van toepassing	nee	nvt - geen doelhabitat	plot is rietland, ook in nabije omgeving geen 6510
284729	NA	foresthab	1429106838.525	ja	NA	NA	vegetatie ok 28/4/1m n 131gr, n geritste grauwe els
285906	285906_2310	openhab	1498569592.507	Opname volledig uitgevoerd	ja	100% afgewerkt	NA
289078	289078_2330_bu	openhab	1498464879	Opname volledig uitgevoerd	ja	100% afgewerkt	NA
289234	289234_2310	openhab	1498569592.507	Opname volledig uitgevoerd	ja	100% afgewerkt	NA
289513	NA	foresthab	1429106679	ja	NA	NA	NA
289746	289746_2310	openhab	1498569592.507	Opname volledig uitgevoerd	ja	100% afgewerkt	NA
290098	290098_6510_hu	openhab	1398858583	Geen opname uitgevoerd	onbepaald	geen toestemming/geen toegang (eigenaar/hond/vee)	NA
290870	290870_2310	openhab	1498464879	Opname volledig uitgevoerd	ja	100% afgewerkt	NA
292585	NA	foresthab	1429106679	ja	NA	NA	NA
293598	293598_4010	openhab	1498466394.56	Opname volledig uitgevoerd	ja	100% afgewerkt	4010
294610	294610_2310	openhab	1498569592.523	Opname volledig uitgevoerd	ja	100% afgewerkt	NA
295862	295862_2330_bu	openhab	1407765860	Opname volledig uitgevoerd	ja	100% afgewerkt	NA
296193	NA	foresthab	1524671822.324	ja	NA	Geen opname : permanent nt toegankelijk	NA
296658	296658_2310	openhab	1498569592.523	Opname volledig uitgevoerd	ja	100% afgewerkt	NA
297234	297234_4010	openhab	1498464881	Opname volledig uitgevoerd	ja	100% afgewerkt	NA
298918	NA	foresthab	1524667485.622	ja	NA	NA	"baak op 334 gr \1,3m ze
Keulestraat/Tielt-winge"
298937	NA	foresthab	1429106953	ja	NA	Geen opname : tijdelijk nt toeg	geen bosbouw, plot niet toegankelijk, te gevaarlijk, zelfs peter zakt weg
300242	300242_2310	openhab	1498464879	Opname volledig uitgevoerd	ja	100% afgewerkt	NA
300534	NA	foresthab	1524669818.645	ja	NA	NA	"91EO_vm  > ook een opname,   veg ok
"
302006	NA	foresthab	1524670773.912	ja	NA	Geen opname : geen doelhabitat	qb duinen begroeid met zandzegge
302290	302290_2310	openhab	1498569592.523	Opname volledig uitgevoerd	ja	100% afgewerkt	NA
304338	304338_2330_bu	openhab	1407765860	Opname volledig uitgevoerd	ja	100% afgewerkt	NA
304850	304850_4010	openhab	1498569611.52	Opname volledig uitgevoerd	ja	100% afgewerkt	NA
306130	306130_2330_bu	openhab	1407766243	Opname volledig uitgevoerd	ja	100% afgewerkt	NA
308098	308098_6510_huk	openhab	1398858812	Opname volledig uitgevoerd	ja	100% afgewerkt	NA
310994	310994_2310	openhab	1498569592.538	Opname volledig uitgevoerd	ja	100% afgewerkt	NA
311282	311282_6510_hu	openhab	1398858812	Niet van toepassing	nee	nvt - geen doelhabitat	bos
311602	NA	foresthab	1524670773.885	ja	NA	NA	NA
312553	NA	foresthab	1429106679	ja	NA	NA	NA
313305	NA	foresthab	1524671822.199	ja	NA	NA	NA
314802	314802_6510_huk	openhab	1398858812	Niet van toepassing	nee	nvt - geen doelhabitat	NA
315062	NA	foresthab	1524670773.891	ja	NA	NA	NA
315318	315318_2310	openhab	1498464879	Opname volledig uitgevoerd	ja	100% afgewerkt	NA
315705	NA	foresthab	1524671822.204	ja	NA	Geen opname : geen toelating	NA
316114	NA	foresthab	1524670773.899	ja	NA	Geen opname : permanent nt toegankelijk	91Evm dominant bosbies met holpijp
316601	NA	foresthab	1524671822.21	ja	NA	Geen opname : permanent nt toegankelijk	NA
316626	316626_2310	openhab	1498464879	Opname volledig uitgevoerd	ja	100% afgewerkt	NA
317202	317202_2330_bu	openhab	1498464879	Opname volledig uitgevoerd	ja	100% afgewerkt	geen planten te noteren. Vegetatie-opname is afgew
320902	NA	foresthab	1524667485.585	ja	NA	Geen opname : permanent nt toegankelijk	"Baak geplaatst 40 cm 20 gr. Gravenveldstraat / Bierbeek.
Niet toegangkelijk op 9/03/2020,hoge waterstand.
"
322002	322002_2310	openhab	1498569592.538	Opname volledig uitgevoerd	ja	100% afgewerkt	NA
324318	324318_2310	openhab	1498466390.625	Opname volledig uitgevoerd	ja	100% afgewerkt	NA
327153	327153_6510_hua	openhab	1398858453	Opname volledig uitgevoerd	ja	100% afgewerkt	verlegd 30m ten oosten vn originele plot(in gracht
330194	330194_4010	openhab	1498569612.132	Opname volledig uitgevoerd	ja	100% afgewerkt	NA
330706	330706_2310	openhab	1498569592.538	Opname volledig uitgevoerd	ja	100% afgewerkt	NA
330985	NA	foresthab	1429106679	ja	NA	NA	NA
331702	331702_2330_bu	openhab	1407765860	Opname volledig uitgevoerd	ja	100% afgewerkt	NA
332726	332726_2330_bu	openhab	1407765860	Opname volledig uitgevoerd	ja	100% afgewerkt	NA
333010	333010_2310	openhab	1498464879	Opname volledig uitgevoerd	ja	100% afgewerkt	NA
333385	333385_6510_hu	openhab	1398858453	Opname volledig uitgevoerd	ja	100% afgewerkt	NA
335337	NA	foresthab	1429106679	ja	NA	NA	NA
337270	337270_2330_bu	openhab	1407766577	Niet van toepassing	nee	nvt - geen doelhabitat	fotos getrokken,
337321	NA	foresthab	1429106679	ja	NA	NA	NA
338386	338386_2310	openhab	1498569592.538	Opname volledig uitgevoerd	ja	100% afgewerkt	NA
338898	338898_2310	openhab	1498569592.554	Opname volledig uitgevoerd	ja	100% afgewerkt	NA
340702	340702_2310	openhab	1498466390.625	Opname volledig uitgevoerd	ja	100% afgewerkt	"2310
"
342750	342750_4010	openhab	1498466394.59	Opname volledig uitgevoerd	ja	100% afgewerkt	"4010
"
344798	344798_4010	openhab	1498466394.59	Opname volledig uitgevoerd	ja	100% afgewerkt	4010
345014	345014_2310	openhab	1498464879	Opname volledig uitgevoerd	ja	100% afgewerkt	NA
346246	NA	foresthab	1524667485.629	ja	NA	Geen opname : tijdelijk nt toeg	"baak op 1,4 m \ 210 gr berk
Kriebekstraat / Houwaart."
347090	347090_2310	openhab	1498569592.554	Opname volledig uitgevoerd	ja	100% afgewerkt	NA
347858	347858_4010	openhab	1498569612.142	Opname volledig uitgevoerd	ja	100% afgewerkt	NA
349433	NA	foresthab	1524667485.613	ja	NA	NA	"baak op 30cm / 80cm zw-els
Seepscherf/Baardegem
"
357086	357086_4010	openhab	1498466394.59	Opname volledig uitgevoerd	ja	100% afgewerkt	"4010
"
358610	358610_2330_bu	openhab	1407765860	Niet van toepassing	nee	nvt - geen doelhabitat	geen opname owv niet nodig, wel heidevegetatie maa
359134	359134_4010	openhab	1498466394.6	Opname volledig uitgevoerd	ja	100% afgewerkt	NA
359449	NA	foresthab	1524671822.216	ja	NA	Geen opname : geen doelhabitat	NA
359574	359574_2330_bu	openhab	1498466390.719	Opname volledig uitgevoerd	ja	100% afgewerkt	NA
360146	360146_4010	openhab	1498569612.152	Opname volledig uitgevoerd	ja	100% afgewerkt	NA
361398	361398_2330_bu	openhab	1407765860	Opname volledig uitgevoerd	ja	100% afgewerkt	NA
366225	366225_6510_hua	openhab	1398858453	Opname volledig uitgevoerd	ja	100% afgewerkt	NA
372702	372702_2330_bu	openhab	1407766577	Niet van toepassing	nee	nvt - geen doelhabitat	NA
377522	377522_6510_huk	openhab	1398858814	Niet van toepassing	nee	nvt - geen doelhabitat	stieren 
380638	380638_4010	openhab	1498466394.61	Opname volledig uitgevoerd	ja	100% afgewerkt	4010
381350	381350_6510_hu	openhab	1398858583	Niet van toepassing	nee	nvt - geen doelhabitat	NA
381673	NA	foresthab	1429106679	ja	NA	NA	NA
381878	381878_4010	openhab	1498464881	Opname volledig uitgevoerd	ja	100% afgewerkt	NA
385758	385758_4010	openhab	1498466394.62	Niet van toepassing	nee	nvt - geen doelhabitat	"meer dan 50% struiken
"
386422	386422_2330_bu	openhab	1407766577	Opname volledig uitgevoerd	ja	100% afgewerkt	NA
386674	386674_6510_hu	openhab	1399474146	Opname volledig uitgevoerd	ja	100% afgewerkt	NA
387538	387538_4010	openhab	1498569612.162	Opname volledig uitgevoerd	ja	100% afgewerkt	NA
389854	389854_4010	openhab	1498466394.63	Geen opname gevraagd 	ja	te hoge RANKING	4030> geen opname
390801	390801_6510_hua	openhab	1398858453	Niet van toepassing	nee	nvt - geen doelhabitat	NA
391154	391154_4010	openhab	1498569612.172	Opname volledig uitgevoerd	ja	100% afgewerkt	NA
392342	392342_2330_bu	openhab	1498466390.719	Opname volledig uitgevoerd	ja	100% afgewerkt	2330-bu. 
392617	NA	foresthab	1429106679	ja	NA	NA	NA
393950	393950_4010	openhab	1498466394.64	Opname volledig uitgevoerd	ja	100% afgewerkt	NA
394962	394962_4010	openhab	1498569612.172	Opname volledig uitgevoerd	ja	100% afgewerkt	NA
397238	397238_4010	openhab	1498464881	Opname volledig uitgevoerd	ja	100% afgewerkt	NA
398529	398529_6510_hu	openhab	1398858453	Opname volledig uitgevoerd	ja	100% afgewerkt	NA
398546	398546_2330_bu	openhab	1407765860	Opname volledig uitgevoerd	ja	100% afgewerkt	NA
398921	398921_6510_hu	openhab	1398858453	Niet van toepassing	nee	nvt - geen doelhabitat	"geen tweerijige zegge maar hazezegge,
dus geen ty"
402390	402390_2330_bu	openhab	1498466390.719	Niet van toepassing	nee	nvt - geen doelhabitat	"gemaaide grasstrook op gasleiding.
"
402418	402418_4010	openhab	1498569612.182	Niet van toepassing	nee	nvt - geen doelhabitat	NA
409654	409654_6510_hu	openhab	1398858814	Opname volledig uitgevoerd	ja	100% afgewerkt	NA
411446	411446_6510_hu	openhab	1398858812	Niet van toepassing	nee	nvt - geen doelhabitat	NA
416454	416454_6510_hu	openhab	1398858903	Niet van toepassing	nee	nvt - geen doelhabitat	geen opname
416998	416998_6510_hu	openhab	1398858583	Niet van toepassing	nee	nvt - geen doelhabitat	Geen opname,gerooid populierenbestand.
417142	417142_2330_bu	openhab	1498464879	Niet van toepassing	nee	nvt - geen doelhabitat	NA
419538	419538_4010	openhab	1498569612.182	Niet van toepassing	nee	nvt - geen doelhabitat	NA
425385	NA	foresthab	1429106679	ja	NA	NA	NA
425457	425457_6510_hua	openhab	1398858453	Niet van toepassing	nee	nvt - geen doelhabitat	afwijkende vegetatie,middelpunt proefvlak in sloot
428057	NA	foresthab	1524671822.293	ja	NA	NA	13m n 240gr vnzE nr 1
429553	429553_6510_hua	openhab	1398858453	Niet van toepassing	nee	nvt - geen doelhabitat	"geen doelsoorten in plot
"
430713	430713_6510_hu	openhab	1398858583	Niet van toepassing	nee	nvt - geen doelhabitat	Geen opname is bos,
431314	431314_2330_bu	openhab	1407765860	Opname volledig uitgevoerd	ja	100% afgewerkt	NA
431494	NA	foresthab	1524667485.591	ja	NA	NA	 Baak 3,3 m 333 gr Bijzondereweg / Bierbeek.
433362	433362_2330_bu	openhab	1407766243	Opname volledig uitgevoerd	ja	100% afgewerkt	NA
439922	439922_6510_hu	openhab	1398858583	Niet van toepassing	nee	nvt - geen doelhabitat	Begraasde weide met kropaar en witbol.
442354	442354_6510_hu	openhab	1398858812	Niet van toepassing	nee	nvt - geen doelhabitat	NA
445266	445266_2330_bu	openhab	1407766243	Opname volledig uitgevoerd	ja	100% afgewerkt	NA
446777	NA	foresthab	1524671822.223	ja	NA	Geen opname : geen toelating	NA
447209	NA	foresthab	1429106679	ja	NA	NA	NA
450905	NA	foresthab	1524671822.227	ja	NA	Geen opname : geen doelhabitat	NA
452066	452066_6510_hu	openhab	1398858812	Opname volledig uitgevoerd	ja	100% afgewerkt	NA
458194	458194_2330_bu	openhab	1498569592.616	Opname volledig uitgevoerd	ja	100% afgewerkt	NA
458462	458462_2330_bu	openhab	1407766577	Opname volledig uitgevoerd	ja	100% afgewerkt	NA
459222	459222_2330_bu	openhab	1407766577	Opname volledig uitgevoerd	ja	100% afgewerkt	NA
463798	463798_2330_bu	openhab	1407765860	Opname volledig uitgevoerd	ja	100% afgewerkt	NA
463833	NA	foresthab	1524671822.232	ja	NA	NA	 4.72m n 262 gr vn Po nr 1
466745	NA	foresthab	1524671822.298	ja	NA	NA	veg ok, bb ok
467257	NA	foresthab	1524671822.237	ja	NA	Geen opname : geen toelating	NA
468953	NA	foresthab	1524671822.242	ja	NA	Geen opname : geen doelhabitat	NA
472889	NA	foresthab	1524671822.304	ja	NA	NA	"
"
473337	NA	foresthab	1524667485.596	nee	NA	Geen (volledig) terreinbezoek uitgevoerd	" baak geplaatst150gr / 3,27m ae
Afgesloten op 1/3/2020 na eerste bezoek op 27/2."
473833	NA	foresthab	1429106679	ja	NA	NA	NA
476086	476086_2330_bu	openhab	1407765860	Opname volledig uitgevoerd	ja	100% afgewerkt	NA
477734	477734_6510_hu	openhab	1398858583	Niet van toepassing	nee	nvt - geen doelhabitat	"Geen opname geen doelhabitat,
"
478889	NA	foresthab	1429106679	ja	NA	NA	NA
480466	480466_2330_bu	openhab	1407765860	Niet van toepassing	nee	nvt - geen doelhabitat	"geen opname owv 4030 en te hoge ranking
"
488054	488054_2330_bu	openhab	1407765860	Opname volledig uitgevoerd	ja	100% afgewerkt	NA
488374	488374_2330_bu	openhab	1407765860	Opname volledig uitgevoerd	ja	100% afgewerkt	"geen zekerheid over landduin of niet
"
490998	490998_2330_bu	openhab	1407766577	Niet van toepassing	nee	nvt - geen doelhabitat	zie fotos + korte vegetetatiebeschrijving in de pl
492470	492470_2330_bu	openhab	1407765860	Opname volledig uitgevoerd	ja	100% afgewerkt	NA
498514	498514_2330_bu	openhab	1407766243	Opname volledig uitgevoerd	ja	100% afgewerkt	NA
499129	NA	foresthab	1524671822.31	ja	NA	Geen opname : geen toelating	NA
501046	501046_6510_hu	openhab	1399474259	Opname volledig uitgevoerd	ja	100% afgewerkt	NA
502610	502610_2330_bu	openhab	1463660348	Opname volledig uitgevoerd	ja	100% afgewerkt	NA
503414	503414_2330_bu	openhab	1463660164	Opname volledig uitgevoerd	ja	100% afgewerkt	NA
504542	504542_2330_bu	openhab	1463660472	Opname volledig uitgevoerd	ja	100% afgewerkt	NA
515737	NA	foresthab	1524671822.317	ja	NA	Geen opname : geen doelhabitat	NA
516441	NA	foresthab	1524671822.247	ja	NA	NA	"veel windval bemoeilijkt opname veg ok, bb

"
520582	NA	foresthab	1524667485.617	ja	NA	NA	"  Baak 0,7 m 282 gr ame.vogelkers.
  Wauwendries /Lubbeek."
521090	521090_6510_huk	openhab	1398858812	Niet van toepassing	nee	nvt - geen doelhabitat	NA
523346	NA	foresthab	1429107093	ja	NA	NA	NA
526898	526898_2330_bu	openhab	1498569592.616	Opname volledig uitgevoerd	ja	100% afgewerkt	NA
528582	528582_6510_hu	openhab	1398858903	Opname volledig uitgevoerd	ja	100% afgewerkt	NA
529334	529334_2330_bu	openhab	1498464879	Niet van toepassing	nee	nvt - geen doelhabitat	NA
541718	NA	foresthab	1429106679	ja	NA	NA	NA
542834	542834_6510_hu	openhab	1398858583	Niet van toepassing	nee	nvt - geen doelhabitat	zwaar begraasde, kapotgelopen paardenweide
546002	546002_2330_bu	openhab	1463660348	Opname volledig uitgevoerd	ja	100% afgewerkt	NA
549254	549254_6510_hu	openhab	1398858583	Niet van toepassing	nee	nvt - geen doelhabitat	Engels raaigrasweide
551218	551218_2330_bu	openhab	1463660348	Opname volledig uitgevoerd	ja	100% afgewerkt	NA
552537	NA	foresthab	1524671822.255	ja	NA	NA	3,58m n 219 gr vn geritste es omtr 104cm
556006	556006_6510_hu	openhab	1398858583	Opname volledig uitgevoerd	ja	100% afgewerkt	NA
558006	558006_2330_bu	openhab	1498464879	Opname volledig uitgevoerd	ja	100% afgewerkt	NA
568146	568146_2330_bu	openhab	1463660348	Niet van toepassing	nee	nvt - geen doelhabitat	NA
570886	NA	foresthab	1524667485.601	ja	NA	NA	baak op 4m / 20 gr beuk
572934	572934_6510_hu	openhab	1398858583	Niet van toepassing	nee	nvt - geen doelhabitat	Geen ken en of typische soorten,
576033	576033_6510_hu	openhab	1398858453	Opname volledig uitgevoerd	ja	100% afgewerkt	gegevens op back-up
577849	NA	foresthab	1524671822.261	ja	NA	Geen opname : geen toelating	NA
579958	579958_2330_bu	openhab	1463660164	Opname volledig uitgevoerd	ja	100% afgewerkt	NA
583030	583030_2330_bu	openhab	1463660164	Opname volledig uitgevoerd	ja	100% afgewerkt	NA
585810	585810_6510_hu	openhab	1398858812	Niet van toepassing	nee	nvt - geen doelhabitat	NA
589110	589110_6510_hu	openhab	1399474259	Opname volledig uitgevoerd	ja	100% afgewerkt	NA
589698	589698_6510_huk	openhab	1398858812	Opname volledig uitgevoerd	ja	100% afgewerkt	NA
594870	594870_2330_bu	openhab	1498464879	Opname volledig uitgevoerd	ja	100% afgewerkt	NA
602846	602846_2330_bu	openhab	1463660472	Opname volledig uitgevoerd	ja	100% afgewerkt	NA
604274	604274_6510_hu	openhab	1398858583	Niet van toepassing	nee	nvt - geen doelhabitat	geen opname, geen doelvegetatie in plot, ook te we
605493	605493_6510_hu	openhab	1398858453	Opname volledig uitgevoerd	ja	100% afgewerkt	NA
608550	608550_6510_hu	openhab	1399474146	Opname volledig uitgevoerd	ja	100% afgewerkt	NA
612246	NA	foresthab	1524669818.628	ja	NA	Geen opname : tijdelijk nt toeg	91E0_vm, te nat om veilig op te meten 
616665	NA	foresthab	1524671822.266	ja	NA	NA	NA
624918	624918_6510_hu	openhab	1398858903	Niet van toepassing	nee	nvt - geen doelhabitat	"Geen opname
"
631129	NA	foresthab	1524671822.272	ja	NA	Geen opname : geen doelhabitat	NA
635830	635830_2330_bu	openhab	1498464879	Opname volledig uitgevoerd	ja	100% afgewerkt	NA
636561	636561_6510_hua	openhab	1398858453	Opname volledig uitgevoerd	ja	100% afgewerkt	begraasd
638046	638046_6510_hus	openhab	1398858903	Niet van toepassing	nee	nvt - geen doelhabitat	ligt op asfaltweg , geen doelvegetatie in omgeving
642482	642482_6510_huk	openhab	1398858814	Niet van toepassing	nee	nvt - geen doelhabitat	NA
642585	NA	foresthab	1524671822.277	ja	NA	NA	NA
643970	643970_6510_hu	openhab	1398858812	Opname volledig uitgevoerd	ja	100% afgewerkt	NA
648566	648566_2330_bu	openhab	1463660164	Opname volledig uitgevoerd	ja	100% afgewerkt	NA
654873	NA	foresthab	1524671822.283	ja	NA	Geen opname : geen doelhabitat	vroegere bronbeek,, nu febr, 2019 niet meer waterhoudend, en zonder vegetatie
656246	656246_2330_bu	openhab	1463660164	Opname volledig uitgevoerd	ja	100% afgewerkt	NA
659330	659330_6510_huk	openhab	1398858814	Niet van toepassing	nee	nvt - geen doelhabitat	NA
659382	659382_2330_bu	openhab	1463660348	Opname volledig uitgevoerd	ja	100% afgewerkt	NA
659794	659794_6510_hu	openhab	1463654688	Opname volledig uitgevoerd	ja	100% afgewerkt	NA
673590	673590_6510_hu	openhab	1463654888	Niet van toepassing	nee	nvt - geen doelhabitat	NA
674070	674070_6510_hus	openhab	1398858903	Niet van toepassing	nee	nvt - geen doelhabitat	Geen kensoorten in vegetatieplot; te lage bedekkin
676914	676914_6510_hu	openhab	1463654410	Opname volledig uitgevoerd	ja	100% afgewerkt	NA
677174	677174_6510_hu	openhab	1463654410	Opname volledig uitgevoerd	ja	100% afgewerkt	NA
684982	684982_2330_bu	openhab	1498464879	Opname volledig uitgevoerd	ja	100% afgewerkt	NA
695122	695122_2330_bu	openhab	1463660348	Niet van toepassing	nee	nvt - geen doelhabitat	NA
704498	704498_6510_hu	openhab	1463654688	Niet van toepassing	nee	nvt - geen doelhabitat	NA
714198	714198_2330_bu	openhab	1463660472	Opname volledig uitgevoerd	ja	100% afgewerkt	NA
714230	714230_2330_bu	openhab	1463660472	Opname volledig uitgevoerd	ja	100% afgewerkt	NA
720369	720369_6510_hua	openhab	1398858453	Opname volledig uitgevoerd	ja	100% afgewerkt	NA
738230	738230_2330_bu	openhab	1498464879	Opname volledig uitgevoerd	ja	100% afgewerkt	NA
742610	742610_2330_bu	openhab	1463660348	Opname volledig uitgevoerd	ja	100% afgewerkt	NA
744742	744742_6510_huk	openhab	1398858583	Opname volledig uitgevoerd	ja	100% afgewerkt	NA
750198	750198_2330_bu	openhab	1498464879	Opname volledig uitgevoerd	ja	100% afgewerkt	NA
750518	750518_2330_bu	openhab	1498464879	Opname volledig uitgevoerd	ja	100% afgewerkt	NA
750646	750646_2330_bu	openhab	1463660348	Niet van toepassing	nee	nvt - geen doelhabitat	NA
751337	751337_6510_hu	openhab	1463654888	Niet van toepassing	nee	nvt - geen doelhabitat	plot net kortgegraasd door schapen, geen kensoorte
764754	764754_2330_bu	openhab	1463660348	Niet van toepassing	nee	nvt - geen doelhabitat	NA
766686	766686_2330_bu	openhab	1463660472	Niet van toepassing	nee	nvt - geen doelhabitat	"plot ligt op berijdbare zandweg. Zie foto's
"
790454	790454_2330_bu	openhab	1463660348	Niet van toepassing	nee	nvt - geen doelhabitat	NA
791478	791478_2330_bu	openhab	1498464879	Niet van toepassing	nee	nvt - geen doelhabitat	NA
803446	803446_2330_bu	openhab	1498464879	Niet van toepassing	nee	nvt - geen doelhabitat	bos
803766	803766_2330_bu	openhab	1498464879	Opname volledig uitgevoerd	ja	100% afgewerkt	NA
808146	808146_2330_bu	openhab	1463660348	Opname volledig uitgevoerd	ja	100% afgewerkt	NA
808722	808722_2330_bu	openhab	1498464879	Opname volledig uitgevoerd	ja	100% afgewerkt	NA
816054	816054_2330_bu	openhab	1498464879	Opname volledig uitgevoerd	ja	100% afgewerkt	NA
818673	818673_6510_hua	openhab	1398858453	Niet van toepassing	nee	nvt - geen doelhabitat	geen habitat/water en slik
821462	821462_2330_bu	openhab	1463660472	Opname volledig uitgevoerd	ja	100% afgewerkt	NA
828626	828626_2330_bu	openhab	1463660348	Niet van toepassing	nee	nvt - geen doelhabitat	NA
830290	830290_2330_bu	openhab	1463660348	Niet van toepassing	nee	nvt - geen doelhabitat	NA
832386	832386_6510_huk	openhab	1398858814	Opname gedeeltelijk uitgevoerd	ja	opname nog niet 100% klaar	vegetatie-opname niet volledig (bedekkingen?)
837842	837842_2330_bu	openhab	1463660164	Niet van toepassing	nee	nvt - geen doelhabitat	NA
845457	845457_6510_hua	openhab	1398858453	Opname volledig uitgevoerd	ja	100% afgewerkt	NA
857281	857281_6510_hu	openhab	1463654083	Opname gedeeltelijk uitgevoerd	ja	opname nog niet 100% klaar	(c) LG : onvolledige vegetatie-opname
863169	863169_6510_hu	openhab	1463654083	Opname volledig uitgevoerd	ja	100% afgewerkt	opname verlegd, 50 meter ten zuiden van origineel 
866386	866386_6510_hu	openhab	1463654688	Niet van toepassing	nee	nvt - geen doelhabitat	NA
870694	870694_6510_huk	openhab	1398858583	Opname volledig uitgevoerd	ja	100% afgewerkt	NA
877942	877942_2330_bu	openhab	1463660164	Opname volledig uitgevoerd	ja	100% afgewerkt	NA
881590	881590_2330_bu	openhab	1498464879	Opname volledig uitgevoerd	ja	100% afgewerkt	NA
884022	884022_6510_hu	openhab	1525855464.651	Opname volledig uitgevoerd	ja	100% afgewerkt	verlegd op 40m naar zzo.
884342	884342_2330_bu	openhab	1463660164	Opname volledig uitgevoerd	ja	100% afgewerkt	NA
886994	886994_2330_bu	openhab	1463660164	Niet van toepassing	nee	nvt - geen doelhabitat	NA
901945	901945_6510_hu	openhab	1525854766.075	Opname gedeeltelijk uitgevoerd	ja	opname nog niet 100% klaar	nog te doen
905190	905190_6510_hu	openhab	1525855561.36	Opname volledig uitgevoerd	ja	100% afgewerkt	NA
905458	905458_6510_hu	openhab	1525855561.36	Niet van toepassing	nee	nvt - geen doelhabitat	NA
915089	915089_6510_hua	openhab	1398858453	Niet van toepassing	nee	nvt - geen doelhabitat	NA
923209	923209_6510_hu	openhab	1525854766.078	Opname volledig uitgevoerd	ja	100% afgewerkt	NA
934506	934506_2330_bu	openhab	1498464879	Niet van toepassing	nee	nvt - geen doelhabitat	"Verbost
"
934838	934838_2330_bu	openhab	1498464879	Opname volledig uitgevoerd	ja	100% afgewerkt	NA
937682	937682_2330_bu	openhab	1463660348	Opname volledig uitgevoerd	ja	100% afgewerkt	NA
938262	938262_6510_hu	openhab	1525855657.221	Opname volledig uitgevoerd	ja	100% afgewerkt	NA
939058	939058_6510_hu	openhab	1525855561.36	Niet van toepassing	nee	nvt - geen doelhabitat	NA
941682	941682_6510_huk	openhab	1398858583	Niet van toepassing	nee	nvt - geen doelhabitat	geen opname, geen doelvegetatie
943538	943538_6510_huk	openhab	1398858814	Niet van toepassing	nee	nvt - geen doelhabitat	NA
947126	947126_2330_bu	openhab	1498464879	Opname volledig uitgevoerd	ja	100% afgewerkt	NA
961362	961362_2330_bu	openhab	1463660348	Niet van toepassing	nee	nvt - geen doelhabitat	NA
963294	963294_2330_bu	openhab	1463660472	Opname volledig uitgevoerd	ja	100% afgewerkt	NA
966569	966569_2330_bu	openhab	1463659937	Opname gedeeltelijk uitgevoerd	ja	opname nog niet 100% klaar	NA
968217	968217_6510_hua	openhab	1398858453	Opname volledig uitgevoerd	ja	100% afgewerkt	NA
976246	976246_2330_bu	openhab	1463660164	Opname volledig uitgevoerd	ja	100% afgewerkt	NA
977234	977234_6510_hu	openhab	1525855561.36	Niet van toepassing	nee	nvt - geen doelhabitat	NA
980625	980625_6510_hua	openhab	1398858453	Opname volledig uitgevoerd	ja	100% afgewerkt	NA
983510	983510_2330_bu	openhab	1463660472	Niet van toepassing	nee	nvt - geen doelhabitat	geen opname (is wel 4030)
987062	987062_2330_bu	openhab	1463660348	Niet van toepassing	nee	nvt - geen doelhabitat	NA
988817	988817_6510_hua	openhab	1398858453	Niet van toepassing	nee	nvt - geen doelhabitat	NA
998709	998709_6510_hu	openhab	1525854766.08	Opname volledig uitgevoerd	ja	100% afgewerkt	NA
1000374	1000374_2330_bu	openhab	1498464879	Niet van toepassing	nee	nvt - geen doelhabitat	NA
1003230	1003230_2330_bu	openhab	1463660472	Opname volledig uitgevoerd	ja	100% afgewerkt	NA
1007490	1007490_6510_huk	openhab	1398858814	Opname volledig uitgevoerd	ja	100% afgewerkt	NA
1012342	1012342_2330_bu	openhab	1498464879	Niet van toepassing	nee	nvt - geen doelhabitat	naaldbos
1012662	1012662_2330_bu	openhab	1498464879	Opname volledig uitgevoerd	ja	100% afgewerkt	NA
1018841	1018841_6510_hu	openhab	1525854766.081	Opname volledig uitgevoerd	ja	100% afgewerkt	NA
1020370	1020370_2330_bu	openhab	1463660348	Niet van toepassing	nee	nvt - geen doelhabitat	NA
1023282	1023282_6510_hu	openhab	1525855561.36	Opname volledig uitgevoerd	ja	100% afgewerkt	NA
1023929	1023929_6510_hu	openhab	1525854766.083	Niet van toepassing	nee	nvt - geen doelhabitat	"gemaaid 18/6/19
"
1026898	1026898_2330_bu	openhab	1463660348	Niet van toepassing	nee	nvt - geen doelhabitat	NA
1027026	1027026_2330_bu	openhab	1463660348	Niet van toepassing	nee	nvt - geen doelhabitat	NA
1042034	1042034_6510_huk	openhab	1398858583	Niet van toepassing	nee	nvt - geen doelhabitat	"geen opname, geen doelvegetatie
"
1043410	1043410_2330_bu	openhab	1463660348	Opname volledig uitgevoerd	ja	100% afgewerkt	NA
1048049	1048049_6510_hua	openhab	1398858453	Niet van toepassing	nee	nvt - geen doelhabitat	NA
1052582	1052582_6510_hu	openhab	1525855464.667	Opname volledig uitgevoerd	ja	100% afgewerkt	NA
1053622	1053622_2330_bu	openhab	1498464879	Opname volledig uitgevoerd	ja	100% afgewerkt	NA
1056722	1056722_2330_bu	openhab	1463660348	Niet van toepassing	nee	nvt - geen doelhabitat	NA
1062514	1062514_6510_hu	openhab	1525855464.667	Opname volledig uitgevoerd	ja	100% afgewerkt	NA
1065910	1065910_2330_bu	openhab	1498464879	Opname volledig uitgevoerd	ja	100% afgewerkt	NA
1068793	1068793_6510_hu	openhab	1525854766.085	Opname volledig uitgevoerd	ja	100% afgewerkt	NA
1069225	1069225_6510_hu	openhab	1525854766.086	Niet van toepassing	nee	nvt - geen doelhabitat	veldwerk quasi onmogelijk/stootbegrazing
1076854	1076854_2330_bu	openhab	1463660164	Opname volledig uitgevoerd	ja	100% afgewerkt	NA
1078198	1078198_2330_bu	openhab	1498464879	Opname volledig uitgevoerd	ja	100% afgewerkt	NA
1080817	1080817_6510_hua	openhab	1398858453	Niet van toepassing	nee	nvt - geen doelhabitat	geen doelsoorten/moerasvegetatie
1085366	1085366_2330_bu	openhab	1463660348	Opname volledig uitgevoerd	ja	100% afgewerkt	NA
1085778	1085778_6510_hu	openhab	1525855561.376	Niet van toepassing	nee	nvt - geen doelhabitat	NA
1092434	1092434_2330_bu	openhab	1463660348	Opname volledig uitgevoerd	ja	100% afgewerkt	NA
1097222	1097222_6510_hu	openhab	1525855464.667	Opname volledig uitgevoerd	ja	100% afgewerkt	NA
1099986	1099986_2330_bu	openhab	1463660164	Niet van toepassing	nee	nvt - geen doelhabitat	NA
1110750	1110750_2330_bu	openhab	1463660472	Opname volledig uitgevoerd	ja	100% afgewerkt	NA
1114582	1114582_2330_bu	openhab	1498466390.625	Opname volledig uitgevoerd	ja	100% afgewerkt	"2330_bu   
Is op bodemkaart niet ingekleurd als l"
1119158	1119158_2330_bu	openhab	1498464879	Niet van toepassing	nee	nvt - geen doelhabitat	NA
1119506	1119506_6510_hus	openhab	1398858583	Opname volledig uitgevoerd	ja	100% afgewerkt	NA
1128562	1128562_6510_hu	openhab	1525855464.667	Geen opname uitgevoerd	onbepaald	opname onmogelijk (gemaaid/begraasd/te nat/ondoordringbaar)	"Begraasd door paarden.
"
1131446	1131446_2330_bu	openhab	1498464879	Opname volledig uitgevoerd	ja	100% afgewerkt	NA
1132838	1132838_6510_hu	openhab	1525855464.682	Opname volledig uitgevoerd	ja	100% afgewerkt	punt verlegd op 50m nw.
1140086	1140086_2330_bu	openhab	1498464879	Opname volledig uitgevoerd	ja	100% afgewerkt	NA
1142873	1142873_6510_hu	openhab	1525854766.088	Niet van toepassing	nee	nvt - geen doelhabitat	ordinair grasland
1143734	1143734_2330_bu	openhab	1498464879	Opname volledig uitgevoerd	ja	100% afgewerkt	NA
1152657	1152657_6510_hua	openhab	1398858453	Opname volledig uitgevoerd	ja	100% afgewerkt	NA
1163750	1163750_6510_hu	openhab	1525855464.682	Opname volledig uitgevoerd	ja	100% afgewerkt	NA
1165554	1165554_6510_hu	openhab	1525855561.376	Niet van toepassing	nee	nvt - geen doelhabitat	NA
1172854	1172854_2330_bu	openhab	1498464879	Opname volledig uitgevoerd	ja	100% afgewerkt	NA
1175794	1175794_6510_hu	openhab	1525855561.376	Opname volledig uitgevoerd	ja	100% afgewerkt	NA
1180534	1180534_2330_bu	openhab	1498466390.641	Opname volledig uitgevoerd	ja	100% afgewerkt	2330_bu
1185042	1185042_6510_hu	openhab	1525855657.299	Opname volledig uitgevoerd	ja	100% afgewerkt	"6510_hu

"
1196982	1196982_2330_bu	openhab	1498464879	Opname volledig uitgevoerd	ja	100% afgewerkt	NA
1199538	1199538_6510_hu	openhab	1525855464.682	Geen opname uitgevoerd	ja	opname onmogelijk (gemaaid/begraasd/te nat/ondoordringbaar)	Kan pvlk niet verleggen gemaaid 2/6/2020.Is reeds 
1201202	1201202_6510_hu	openhab	1525855561.376	Niet van toepassing	nee	nvt - geen doelhabitat	NA
1201345	1201345_6510_hu	openhab	1525854766.09	Opname volledig uitgevoerd	ja	100% afgewerkt	NA
1205598	1205598_6510_hus	openhab	1399474363	Niet van toepassing	nee	nvt - geen doelhabitat	"geen doelvegetatie
"
1208950	1208950_2330_bu	openhab	1498464879	Niet van toepassing	nee	nvt - geen doelhabitat	NA
1209270	1209270_2330_bu	openhab	1498464879	Opname volledig uitgevoerd	ja	100% afgewerkt	NA
1211473	1211473_6510_hu	openhab	1525854766.092	Niet van toepassing	nee	nvt - geen doelhabitat	NA
1211474	1211474_6510_hu	openhab	1525855561.376	Niet van toepassing	nee	nvt - geen doelhabitat	NA
1213150	1213150_2330_bu	openhab	1498466390.641	Opname volledig uitgevoerd	ja	100% afgewerkt	NA
1214742	1214742_6510_hus	openhab	1398858903	Niet van toepassing	nee	nvt - geen doelhabitat	geen doelvegetatie; middelpunt vegetatieplot in br
1227910	1227910_6510_hu	openhab	1525855464.682	Opname volledig uitgevoerd	ja	100% afgewerkt	NA
1234130	1234130_2330_bu	openhab	1498464879	Opname volledig uitgevoerd	ja	100% afgewerkt	NA
1246865	1246865_6510_hua	openhab	1398858453	Niet van toepassing	nee	nvt - geen doelhabitat	NA
1250770	1250770_2330_bu	openhab	1498569592.554	Opname volledig uitgevoerd	ja	100% afgewerkt	NA
1259822	1259822_2330_bu	openhab	1498466390.641	Geen opname gevraagd 	onbepaald	voldoende opnames beschikbaar	NA
1260481	1260481_6510_hu	openhab	1525854766.094	Opname volledig uitgevoerd	ja	100% afgewerkt	NA
1262518	1262518_2330_bu	openhab	1498464879	Niet van toepassing	nee	nvt - geen doelhabitat	NA
1266738	1266738_6510_hu	openhab	1525855561.392	Opname volledig uitgevoerd	ja	100% afgewerkt	NA
1269030	1269030_6510_huk	openhab	1398858583	Opname volledig uitgevoerd	ja	100% afgewerkt	NA
1271122	1271122_6510_hu	openhab	1525855561.392	Opname volledig uitgevoerd	ja	100% afgewerkt	NA
1272114	1272114_2330_bu	openhab	1498569592.554	Opname volledig uitgevoerd	ja	100% afgewerkt	NA
1274486	1274486_2330_bu	openhab	1498464879	Opname volledig uitgevoerd	ja	100% afgewerkt	NA
1274806	1274806_2330_bu	openhab	1498464879	Opname volledig uitgevoerd	ja	100% afgewerkt	NA
1280210	1280210_2330_bu	openhab	1498464879	Niet van toepassing	nee	nvt - geen doelhabitat	bos 
1280278	1280278_6510_hus	openhab	1398858903	Opname volledig uitgevoerd	ja	100% afgewerkt	NA
1284946	1284946_2330_bu	openhab	1498569592.57	Opname volledig uitgevoerd	ja	100% afgewerkt	NA
1285330	1285330_2330_bu	openhab	1498569592.57	Opname volledig uitgevoerd	ja	100% afgewerkt	NA
1287030	1287030_2330_bu	openhab	1498466390.641	Opname gedeeltelijk uitgevoerd	ja	opname nog niet 100% klaar	structuurvariabelen zijn nog in te vullen.
1289526	1289526_6510_hu	openhab	1525855464.682	Niet van toepassing	nee	nvt - geen doelhabitat	"aanplant bos
"
1296105	1296105_6510_hu	openhab	1525855657.221	Niet van toepassing	nee	nvt - geen doelhabitat	NA
1297718	1297718_2330_bu	openhab	1498464879	Opname volledig uitgevoerd	ja	100% afgewerkt	NA
1300962	1300962_6510_hu	openhab	1525855561.392	Opname volledig uitgevoerd	ja	100% afgewerkt	NA
1303926	1303926_2330_bu	openhab	1498464879	Opname volledig uitgevoerd	ja	100% afgewerkt	NA
1311190	1311190_2330_bu	openhab	1498466390.656	Niet van toepassing	nee	nvt - geen doelhabitat	jong naaldbos, natuurlijke verjonging. Rond de 20 
1313142	1313142_2330_bu	openhab	1498464879	Opname volledig uitgevoerd	ja	100% afgewerkt	NA
1315766	1315766_2330_bu	openhab	1498464879	Niet van toepassing	nee	nvt - geen doelhabitat	NA
1316946	1316946_6510_hu	openhab	1525855561.392	Niet van toepassing	nee	nvt - geen doelhabitat	bemest raaigras
1328054	1328054_2330_bu	openhab	1498464879	Opname volledig uitgevoerd	ja	100% afgewerkt	NA
1328710	1328710_6510_hu	openhab	1525855464.698	Opname volledig uitgevoerd	ja	100% afgewerkt	NA
1340342	1340342_2330_bu	openhab	1498464879	Opname volledig uitgevoerd	ja	100% afgewerkt	NA
1344438	1344438_2330_bu	openhab	1498464879	Opname volledig uitgevoerd	ja	100% afgewerkt	NA
1347922	1347922_6510_hu	openhab	1525855561.392	Niet van toepassing	nee	nvt - geen doelhabitat	NA
1350866	1350866_2330_bu	openhab	1498569592.57	Opname volledig uitgevoerd	ja	100% afgewerkt	NA
1353078	1353078_2330_bu	openhab	1498464879	Niet van toepassing	nee	nvt - geen doelhabitat	NA
1355014	1355014_6510_hu	openhab	1525855464.698	Opname volledig uitgevoerd	ja	100% afgewerkt	NA
1365778	1365778_2330_bu	openhab	1498464879	Niet van toepassing	nee	nvt - geen doelhabitat	NA
1372894	1372894_2330_bu	openhab	1498466390.656	Geen opname gevraagd 	ja	voldoende opnames beschikbaar	2310!
1375542	1375542_6510_hu	openhab	1525855464.698	Opname volledig uitgevoerd	ja	100% afgewerkt	NA
1380278	1380278_2330_bu	openhab	1498464879	Opname volledig uitgevoerd	ja	100% afgewerkt	NA
1381302	1381302_2330_bu	openhab	1498464879	Opname volledig uitgevoerd	ja	100% afgewerkt	NA
1381569	1381569_6510_hu	openhab	1525854766.098	Opname volledig uitgevoerd	ja	100% afgewerkt	NA
1390706	1390706_6510_hu	openhab	1525855464.698	Opname volledig uitgevoerd	ja	100% afgewerkt	100 m N verlegd.
1397810	1397810_6510_hu	openhab	1525855561.407	Opname volledig uitgevoerd	ja	100% afgewerkt	NA
1402230	1402230_2330_bu	openhab	1498464879	Opname volledig uitgevoerd	ja	100% afgewerkt	NA
1405382	1405382_6510_hu	openhab	1525855464.698	Opname volledig uitgevoerd	ja	100% afgewerkt	NA
1405878	1405878_2330_bu	openhab	1498464879	Opname volledig uitgevoerd	ja	100% afgewerkt	NA
1407698	1407698_2330_bu	openhab	1498569592.585	Opname volledig uitgevoerd	ja	100% afgewerkt	NA
1409974	1409974_2330_bu	openhab	1498464879	Niet van toepassing	nee	nvt - geen doelhabitat	NA
1413574	1413574_6510_hu	openhab	1525855464.714	Niet van toepassing	nee	nvt - geen doelhabitat	onvoldoende typische soorten.
1422046	1422046_2330_bu	openhab	1498466390.656	Opname volledig uitgevoerd	ja	100% afgewerkt	"2330 bu
"
1426969	1426969_6510_hua	openhab	1463654083	Niet van toepassing	nee	nvt - geen doelhabitat	NA
1437938	1437938_6510_hu	openhab	1525855561.407	Niet van toepassing	nee	nvt - geen doelhabitat	NA
1442745	1442745_6510_hu	openhab	1525854766.099	Opname volledig uitgevoerd	ja	100% afgewerkt	NA
1447497	1447497_6510_hu	openhab	1525854766.101	Niet van toepassing	nee	nvt - geen doelhabitat	"gh
"
1454214	1454214_6510_hu	openhab	1525855464.714	Opname gedeeltelijk uitgevoerd	ja	opname nog niet 100% klaar	Gemaaid op 25/5/2020
1454814	1454814_2330_bu	openhab	1498466390.672	Opname volledig uitgevoerd	ja	100% afgewerkt	2330_bu
1470918	1470918_6510_hu	openhab	1525855464.714	Opname volledig uitgevoerd	ja	100% afgewerkt	NA
1471094	1471094_2330_bu	openhab	1498464879	Opname volledig uitgevoerd	ja	100% afgewerkt	NA
1473617	1473617_6510_hu	openhab	1525854766.103	Niet van toepassing	nee	nvt - geen doelhabitat	NA
1474033	1474033_6510_hua	openhab	1463654083	Opname volledig uitgevoerd	ja	100% afgewerkt	10m exact verlegd nr z
1478129	1478129_6510_hua	openhab	1463654083	Opname volledig uitgevoerd	ja	100% afgewerkt	NA
1478566	1478566_6510_hu	openhab	1525855464.714	Geen opname uitgevoerd	onbepaald	geen toestemming/geen toegang (eigenaar/hond/vee)	"0mheinde paardenweide.
Geen toelating op 25/5 202"
1479890	1479890_2330_bu	openhab	1498464879	Opname volledig uitgevoerd	ja	100% afgewerkt	NA
1484914	1484914_6510_hu	openhab	1525855464.714	Geen opname uitgevoerd	onbepaald	opname onmogelijk (gemaaid/begraasd/te nat/ondoordringbaar)	Kaal gegeten ,paardenweide.
1487746	1487746_6510_huk	openhab	1398858814	Opname volledig uitgevoerd	ja	100% afgewerkt	NA
1487798	1487798_2330_bu	openhab	1498464879	Opname volledig uitgevoerd	ja	100% afgewerkt	NA
1490550	1490550_2330_bu	openhab	1498466390.672	Geen opname gevraagd 	onbepaald	voldoende opnames beschikbaar	NA
1496521	1496521_6510_hu	openhab	1525854766.104	Niet van toepassing	nee	nvt - geen doelhabitat	NA
1500498	1500498_6510_hu	openhab	1525855561.407	Opname volledig uitgevoerd	ja	100% afgewerkt	NA
1500534	1500534_2330_bu	openhab	1498464879	Opname volledig uitgevoerd	ja	100% afgewerkt	NA
1501490	1501490_2330_bu	openhab	1498569592.585	Opname volledig uitgevoerd	ja	100% afgewerkt	NA
1504306	1504306_6510_hu	openhab	1525855561.407	Opname volledig uitgevoerd	ja	100% afgewerkt	NA
1506770	1506770_2330_bu	openhab	1498569592.585	Niet van toepassing	nee	nvt - geen doelhabitat	NA
1512322	1512322_6510_hu	openhab	1525855561.407	Opname volledig uitgevoerd	ja	100% afgewerkt	NA
1512374	1512374_2330_bu	openhab	1498464879	Opname volledig uitgevoerd	ja	100% afgewerkt	NA
1512530	1512530_6510_hu	openhab	1525855561.423	Opname volledig uitgevoerd	ja	100% afgewerkt	NA
1513554	1513554_6510_hu	openhab	1525855561.423	Niet van toepassing	nee	nvt - geen doelhabitat	NA
1516221	1516221_2330_bu	openhab	1498466390.672	Niet van toepassing	nee	nvt - geen doelhabitat	open plek in het bos met gewoon struisgras, gladde
1529025	1529025_6510_hu	openhab	1525854766.106	Opname volledig uitgevoerd	ja	100% afgewerkt	NA
1533266	1533266_6510_hu	openhab	1525855561.423	Opname volledig uitgevoerd	ja	100% afgewerkt	NA
1535001	1535001_6510_hu	openhab	1525854766.109	Opname volledig uitgevoerd	ja	100% afgewerkt	NA
1536630	1536630_2330_bu	openhab	1498464879	Opname volledig uitgevoerd	ja	100% afgewerkt	NA
1536950	1536950_2330_bu	openhab	1498464879	Opname volledig uitgevoerd	ja	100% afgewerkt	NA
1539702	1539702_2330_bu	openhab	1498466390.672	Geen opname gevraagd 	onbepaald	voldoende opnames beschikbaar	NA
1542626	1542626_6510_hu	openhab	1525855561.423	Opname volledig uitgevoerd	ja	100% afgewerkt	NA
1547090	1547090_2330_bu	openhab	1498569592.585	Opname volledig uitgevoerd	ja	100% afgewerkt	NA
1547570	1547570_6510_hu	openhab	1525855561.423	Opname volledig uitgevoerd	ja	100% afgewerkt	NA
1549622	1549622_6510_hu	openhab	1525855464.714	Opname volledig uitgevoerd	ja	100% afgewerkt	NA
1558738	1558738_2330_bu	openhab	1498464879	Opname volledig uitgevoerd	ja	100% afgewerkt	NA
1562998	1562998_2330_bu	openhab	1498464879	Niet van toepassing	nee	nvt - geen doelhabitat	NA
1566070	1566070_2330_bu	openhab	1498464879	Opname volledig uitgevoerd	ja	100% afgewerkt	NA
1566166	1566166_2330_bu	openhab	1498466390.688	Opname volledig uitgevoerd	ja	100% afgewerkt	twijfelgeval voor opname als 2330_bu
1569666	1569666_6510_huk	openhab	1398858814	Opname volledig uitgevoerd	ja	100% afgewerkt	NA
1576501	1576501_6510_hu	openhab	1525854766.11	Niet van toepassing	nee	nvt - geen doelhabitat	NA
1590198	1590198_2330_bu	openhab	1498464879	Opname volledig uitgevoerd	ja	100% afgewerkt	NA
1594578	1594578_2330_bu	openhab	1498464879	Opname volledig uitgevoerd	ja	100% afgewerkt	NA
1599794	1599794_2330_bu	openhab	1498569592.601	Opname volledig uitgevoerd	ja	100% afgewerkt	NA
1606582	1606582_2330_bu	openhab	1498464879	Opname volledig uitgevoerd	ja	100% afgewerkt	NA
1618654	1618654_2330_bu	openhab	1498466390.688	Niet van toepassing	nee	nvt - geen doelhabitat	grasland ( stuisgras)
1618818	1618818_6510_huk	openhab	1398858814	Opname volledig uitgevoerd	ja	100% afgewerkt	NA
1625522	1625522_6510_huk	openhab	1398858814	Niet van toepassing	nee	nvt - geen doelhabitat	NA
1628534	1628534_2330_bu	openhab	1498464879	Niet van toepassing	nee	nvt - geen doelhabitat	NA
1631606	1631606_2330_bu	openhab	1498464879	Opname volledig uitgevoerd	ja	100% afgewerkt	NA
1635038	1635038_2330_bu	openhab	1498466390.688	Opname volledig uitgevoerd	ja	100% afgewerkt	NA
1659862	1659862_2330_bu	openhab	1498466390.688	Opname volledig uitgevoerd	ja	100% afgewerkt	NA
1684406	1684406_2330_bu	openhab	1498464879	Opname volledig uitgevoerd	ja	100% afgewerkt	NA
1685137	1685137_6510_hua	openhab	1463654083	Opname volledig uitgevoerd	ja	100% afgewerkt	NA
1702514	1702514_6510_huk	openhab	1398858583	Niet van toepassing	nee	nvt - geen doelhabitat	midden plot ligt in bramen
1708982	1708982_2330_bu	openhab	1498464879	Opname volledig uitgevoerd	ja	100% afgewerkt	NA
1709266	1709266_2330_bu	openhab	1498464879	Opname volledig uitgevoerd	ja	100% afgewerkt	NA
1713026	1713026_6510_huk	openhab	1398858814	Niet van toepassing	nee	nvt - geen doelhabitat	NA
1714306	1714306_6510_huk	openhab	1398858814	Niet van toepassing	nee	nvt - geen doelhabitat	bos
1743698	1743698_2330_bu	openhab	1498569592.601	Opname volledig uitgevoerd	ja	100% afgewerkt	NA
1762774	1762774_2330_bu	openhab	1498466390.703	Opname volledig uitgevoerd	ja	100% afgewerkt	"2330_bu
"
1775058	1775058_2330_bu	openhab	1498569592.601	Opname volledig uitgevoerd	ja	100% afgewerkt	NA
1786474	1786474_2330_bu	openhab	1498464879	Niet van toepassing	nee	nvt - geen doelhabitat	NA
1786806	1786806_2330_bu	openhab	1498464879	Opname volledig uitgevoerd	ja	100% afgewerkt	NA
1789878	1789878_2330_bu	openhab	1498464879	Opname volledig uitgevoerd	ja	100% afgewerkt	NA
1793318	1793318_6510_huk	openhab	1398858583	Opname volledig uitgevoerd	ja	100% afgewerkt	NA
1803138	1803138_6510_huk	openhab	1463654688	Niet van toepassing	nee	nvt - geen doelhabitat	NA
1820185	1820185_6510_hua	openhab	1525854766.128	Opname volledig uitgevoerd	ja	100% afgewerkt	"te vroeg gemaaid evolutie nr hu 6510
"
1834481	1834481_6510_hua	openhab	1525854766.13	Opname gedeeltelijk uitgevoerd	ja	opname nog niet 100% klaar	nog doen
1835906	1835906_6510_huk	openhab	1398858814	Niet van toepassing	nee	nvt - geen doelhabitat	midden in struweel ruigte
1868674	1868674_6510_huk	openhab	1463654688	Niet van toepassing	nee	nvt - geen doelhabitat	NA
1875842	1875842_6510_huk	openhab	1398858814	Niet van toepassing	nee	nvt - geen doelhabitat	NA
1885058	1885058_6510_huk	openhab	1463654688	Niet van toepassing	nee	nvt - geen doelhabitat	NA
1885721	1885721_6510_hua	openhab	1525854766.132	Opname volledig uitgevoerd	ja	100% afgewerkt	doelhabitat op perceelsniveau
1905938	1905938_6510_hus	openhab	1398858583	Opname volledig uitgevoerd	ja	100% afgewerkt	NA
1910194	1910194_6510_huk	openhab	1398858814	Niet van toepassing	nee	nvt - geen doelhabitat	NA
1939058	1939058_6510_huk	openhab	1463654410	Niet van toepassing	nee	nvt - geen doelhabitat	is 2310
1956702	1956702_6510_hus	openhab	1398858903	Niet van toepassing	nee	nvt - geen doelhabitat	geen 6510 hus
1971474	1971474_6510_hus	openhab	1398858583	Opname volledig uitgevoerd	ja	100% afgewerkt	NA
1985970	1985970_6510_huk	openhab	1398858814	Niet van toepassing	nee	nvt - geen doelhabitat	bos
2007238	2007238_6510_hus	openhab	1398858903	Niet van toepassing	nee	nvt - geen doelhabitat	geen opname, geen kensoorten in proefvlak, onvoldo
2037393	2037393_6510_hua	openhab	1525854766.134	Opname volledig uitgevoerd	ja	100% afgewerkt	NA
2096625	2096625_6510_hua	openhab	1525854766.136	Geen opname uitgevoerd	onbepaald	opname onmogelijk (gemaaid/begraasd/te nat/ondoordringbaar)	NA
2114226	2114226_6510_huk	openhab	1398858814	Niet van toepassing	nee	nvt - geen doelhabitat	midden in haag
2121625	2121625_6510_hua	openhab	1525854766.138	Opname gedeeltelijk uitgevoerd	ja	opname nog niet 100% klaar	"nog doen
"
2129393	2129393_6510_hua	openhab	1525854766.139	Niet van toepassing	nee	nvt - geen doelhabitat	NA
2155394	2155394_6510_huk	openhab	1398858814	Niet van toepassing	nee	nvt - geen doelhabitat	NA
2182578	2182578_6510_huk	openhab	1463654688	Niet van toepassing	nee	nvt - geen doelhabitat	NA
2201202	2201202_6510_huk	openhab	1525855464.823	Opname volledig uitgevoerd	ja	100% afgewerkt	50 m ZW verplaatst.
2212530	2212530_6510_huk	openhab	1463654688	Niet van toepassing	nee	nvt - geen doelhabitat	NA
2225809	2225809_6510_hua	openhab	1525854766.142	Niet van toepassing	nee	nvt - geen doelhabitat	NA
2233618	2233618_6510_hus	openhab	1398858583	Opname volledig uitgevoerd	ja	100% afgewerkt	NA
2248114	2248114_6510_huk	openhab	1525855464.838	Geen opname uitgevoerd	ja	opname onmogelijk (gemaaid/begraasd/te nat/ondoordringbaar)	"Gemaaid op 2/6/2020 
Is reeds gemaaid 15 / 06 / 2"
2295441	2295441_6510_hua	openhab	1525854766.144	Niet van toepassing	nee	nvt - geen doelhabitat	beweidng
2299537	2299537_6510_hua	openhab	1525854766.145	Opname volledig uitgevoerd	ja	100% afgewerkt	NA
2328854	2328854_6510_hus	openhab	1398858903	Opname volledig uitgevoerd	ja	100% afgewerkt	NA
2367362	2367362_6510_huk	openhab	1463654688	Niet van toepassing	nee	nvt - geen doelhabitat	NA
2383474	2383474_6510_huk	openhab	1525855464.838	Niet van toepassing	nee	nvt - geen doelhabitat	NA
2410009	2410009_6510_hua	openhab	1525854766.147	Opname volledig uitgevoerd	ja	100% afgewerkt	"gemaaid
"
2440689	2440689_6510_hua	openhab	1525854766.149	Opname volledig uitgevoerd	ja	100% afgewerkt	NA
2463377	2463377_6510_hua	openhab	1525854766.15	Niet van toepassing	nee	nvt - geen doelhabitat	NA
2487953	2487953_6510_hua	openhab	1525854766.152	Niet van toepassing	nee	nvt - geen doelhabitat	NA
2495762	2495762_6510_hus	openhab	1398858583	Opname volledig uitgevoerd	ja	100% afgewerkt	NA
2513586	2513586_6510_huk	openhab	1463654688	Niet van toepassing	nee	nvt - geen doelhabitat	NA
2526705	2526705_6510_hua	openhab	1525854766.154	Niet van toepassing	nee	nvt - geen doelhabitat	NA
2585474	2585474_6510_huk	openhab	1525855561.454	Geen opname uitgevoerd	onbepaald	opname onmogelijk (gemaaid/begraasd/te nat/ondoordringbaar)	zwaar begraasd plus droogte = korte zeer moeilijk 
2627217	2627217_6510_hua	openhab	1525854766.155	Niet van toepassing	nee	nvt - geen doelhabitat	NA
2645426	2645426_6510_huk	openhab	1525855464.854	Opname volledig uitgevoerd	ja	100% afgewerkt	NA
2663298	2663298_6510_huk	openhab	1463654688	Niet van toepassing	nee	nvt - geen doelhabitat	NA
2674098	2674098_6510_huk	openhab	1525855464.854	Geen opname uitgevoerd	ja	opname onmogelijk (gemaaid/begraasd/te nat/ondoordringbaar)	"Zwaar begraasde weide.  15 / 06 / 2018
Gemaaid op"
2733713	2733713_6510_hua	openhab	1525854766.158	Opname volledig uitgevoerd	ja	100% afgewerkt	40 mtr oostwaarts verlegd gezien oorspronkelijk in
2736818	2736818_6510_huk	openhab	1463654688	Niet van toepassing	nee	nvt - geen doelhabitat	NA
2841894	2841894_6510_huk	openhab	1525855464.854	Opname volledig uitgevoerd	ja	100% afgewerkt	NA
2867990	2867990_6510_hus	openhab	1398858903	Opname volledig uitgevoerd	ja	100% afgewerkt	NA
2891673	2891673_6510_hua	openhab	1525854766.16	Opname volledig uitgevoerd	ja	100% afgewerkt	NA
2911526	2911526_6510_huk	openhab	1525855464.901	Opname volledig uitgevoerd	ja	100% afgewerkt	NA
2915825	2915825_6510_hua	openhab	1525854766.161	Geen opname uitgevoerd	onbepaald	opname onmogelijk (gemaaid/begraasd/te nat/ondoordringbaar)	NA
2933634	2933634_6510_huk	openhab	1525855561.454	Niet van toepassing	nee	nvt - geen doelhabitat	NA
2934297	2934297_6510_hua	openhab	1525854766.163	Opname volledig uitgevoerd	ja	100% afgewerkt	6510 hu
2942609	2942609_6510_hua	openhab	1525854766.164	Opname volledig uitgevoerd	ja	100% afgewerkt	10 meter nr N verlegd 
2954514	2954514_6510_hus	openhab	1398858583	Opname volledig uitgevoerd	ja	100% afgewerkt	NA
2967065	2967065_6510_hua	openhab	1525854766.166	Opname volledig uitgevoerd	ja	100% afgewerkt	60m verlegd op90gr/westen
2998962	2998962_6510_huk	openhab	1525855464.901	Opname gedeeltelijk uitgevoerd	ja	opname tijdelijk onmogelijk (gemaaid/te nat/ondoordringbaar)	Gemaaid op 2/06/2020
3044226	3044226_6510_huk	openhab	1525855561.485	Niet van toepassing	nee	nvt - geen doelhabitat	NA
3068802	3068802_6510_huk	openhab	1525855561.485	Opname volledig uitgevoerd	ja	100% afgewerkt	NA
3077777	3077777_6510_hua	openhab	1525854766.168	Opname volledig uitgevoerd	ja	100% afgewerkt	50m verlegd nr Z
3085969	3085969_6510_hua	openhab	1525854766.169	Niet van toepassing	nee	nvt - geen doelhabitat	geendoelhabitat
3120562	3120562_6510_huk	openhab	1525855464.87	Opname volledig uitgevoerd	ja	100% afgewerkt	NA
3132850	3132850_6510_huk	openhab	1525855464.901	Opname volledig uitgevoerd	ja	100% afgewerkt	Is gemaaid,raaigrasweide met hoogstam.  15 / 06 / 
3153026	3153026_6510_huk	openhab	1525855561.454	Opname volledig uitgevoerd	ja	100% afgewerkt	NA
3163010	3163010_6510_huk	openhab	1525855561.47	Opname volledig uitgevoerd	ja	100% afgewerkt	NA
3170178	3170178_6510_huk	openhab	1525855561.516	Opname volledig uitgevoerd	ja	100% afgewerkt	NA
3170201	3170201_6510_hua	openhab	1525854766.171	Niet van toepassing	nee	nvt - geen doelhabitat	NA
3173042	3173042_6510_huk	openhab	1525855464.87	Opname volledig uitgevoerd	ja	100% afgewerkt	Begraasd 2/6/2020
3274385	3274385_6510_hua	openhab	1525854766.173	Niet van toepassing	nee	nvt - geen doelhabitat	NA
3296690	3296690_6510_huk	openhab	1525855464.87	Geen opname uitgevoerd	ja	opname onmogelijk (gemaaid/begraasd/te nat/ondoordringbaar)	"Gemaaid op 2/6/2020
Is reeds gemaaid 15/06/2018  "
3366786	3366786_6510_huk	openhab	1525855561.516	Opname volledig uitgevoerd	ja	100% afgewerkt	NA
3432322	3432322_6510_huk	openhab	1525855561.516	Opname volledig uitgevoerd	ja	100% afgewerkt	NA
3511922	3511922_6510_huk	openhab	1525855464.885	Niet van toepassing	nee	nvt - geen doelhabitat	NA
3564894	3564894_6510_hus	openhab	1399474363	Niet van toepassing	nee	nvt - geen doelhabitat	Geen opname, Rietland, Verleggen niet mogelijk wan
3612546	3612546_6510_huk	openhab	1525855561.516	Opname volledig uitgevoerd	ja	100% afgewerkt	NA
3788210	3788210_6510_huk	openhab	1525855464.901	Geen opname uitgevoerd	onbepaald	opname onmogelijk (gemaaid/begraasd/te nat/ondoordringbaar)	Is reeds gemaaid,begrazing door runderen. 28/05/20
3811458	3811458_6510_huk	openhab	1525855464.885	Opname volledig uitgevoerd	ja	100% afgewerkt	NA
3821746	3821746_6510_huk	openhab	1525855561.47	Opname volledig uitgevoerd	ja	100% afgewerkt	NA
3829634	3829634_6510_huk	openhab	1525855561.47	Opname volledig uitgevoerd	ja	100% afgewerkt	NA
3906994	3906994_6510_huk	openhab	1525855464.885	Opname volledig uitgevoerd	ja	100% afgewerkt	"Weide is begraasd en gemaaid.
Idem 2020.Geen voll"
3956146	3956146_6510_huk	openhab	1525855464.885	Opname volledig uitgevoerd	ja	100% afgewerkt	NA
4003090	4003090_6510_hus	openhab	1463654410	Opname volledig uitgevoerd	ja	100% afgewerkt	NA
4122918	4122918_6510_huk	openhab	1525855464.901	Opname volledig uitgevoerd	ja	100% afgewerkt	NA
4252546	4252546_6510_huk	openhab	1525855561.532	Niet van toepassing	nee	nvt - geen doelhabitat	engels raaigras
4256642	4256642_6510_huk	openhab	1525855561.47	Opname volledig uitgevoerd	ja	100% afgewerkt	NA
4330770	4330770_6510_hus	openhab	1525855657.299	Opname volledig uitgevoerd	ja	100% afgewerkt	6510_hus
4346754	4346754_6510_huk	openhab	1525855561.47	Opname volledig uitgevoerd	ja	100% afgewerkt	NA
4351326	4351326_6510_hus	openhab	1525855657.236	Opname volledig uitgevoerd	ja	100% afgewerkt	"6510 hus
"
4390190	4390190_6510_hus	openhab	1525855657.252	Niet van toepassing	nee	nvt - geen doelhabitat	te weinig typische soorten
4417666	4417666_6510_huk	openhab	1525855561.485	Opname volledig uitgevoerd	ja	100% afgewerkt	NA
4502402	4502402_6510_huk	openhab	1525855561.485	Opname volledig uitgevoerd	ja	100% afgewerkt	NA
4633474	4633474_6510_huk	openhab	1525855561.485	Opname volledig uitgevoerd	ja	100% afgewerkt	NA
4868374	4868374_6510_hus	openhab	1525855657.267	Opname volledig uitgevoerd	ja	100% afgewerkt	NA
5313810	5313810_6510_hus	openhab	1525855657.299	Opname volledig uitgevoerd	ja	100% afgewerkt	6510_hus
5474582	5474582_6510_hus	openhab	1525855657.267	Opname volledig uitgevoerd	ja	100% afgewerkt	NA
6151006	6151006_6510_hus	openhab	1398858903	Niet van toepassing	nee	nvt - geen doelhabitat	geen opname, geen kensoorten noch doelvegetatie in
6165778	6165778_6510_hus	openhab	1525855657.314	Opname volledig uitgevoerd	ja	100% afgewerkt	6510_hus
6201542	6201542_6510_hus	openhab	1525855657.283	Opname volledig uitgevoerd	ja	100% afgewerkt	NA
6427922	6427922_6510_hus	openhab	1525855657.314	Opname volledig uitgevoerd	ja	100% afgewerkt	6510hus
6448478	6448478_6510_hus	openhab	1525855657.252	Opname volledig uitgevoerd	ja	100% afgewerkt	6510-hus.Ligt op het uitrijspoor van de maaimachin
6523158	6523158_6510_hus	openhab	1525855657.283	Opname volledig uitgevoerd	ja	100% afgewerkt	verlegd op 40m/N
6690066	6690066_6510_hus	openhab	1525855657.314	Opname volledig uitgevoerd	ja	100% afgewerkt	NA
7062294	7062294_6510_hus	openhab	1525855657.299	Opname volledig uitgevoerd	ja	100% afgewerkt	NA
7148818	7148818_6510_hus	openhab	1525855657.314	Opname volledig uitgevoerd	ja	100% afgewerkt	NA
7461726	7461726_6510_hus	openhab	1525855657.252	Niet van toepassing	nee	nvt - geen doelhabitat	punt ligt in gemaaide berm,gen doelhabitat in aang
7738642	7738642_6510_hus	openhab	1525855657.33	Opname volledig uitgevoerd	ja	100% afgewerkt	Verlegd: 90m op 45 graden.
7759198	7759198_6510_hus	openhab	1525855657.252	Opname volledig uitgevoerd	ja	100% afgewerkt	verlegd, 90m op 135 graden.
8510302	8510302_6510_hus	openhab	1525855657.267	Niet van toepassing	nee	nvt - geen doelhabitat	punt op rijbaan.geen aangrenzende doelhabitat ,
8516958	8516958_6510_hus	openhab	1525855657.267	Niet van toepassing	nee	nvt - geen doelhabitat	NA
8525074	8525074_6510_hus	openhab	1525855657.33	Opname volledig uitgevoerd	ja	100% afgewerkt	6510_hus
8669462	8669462_6510_hus	openhab	1525855657.283	Opname volledig uitgevoerd	ja	100% afgewerkt	NA
9026654	9026654_6510_hus	openhab	1525855657.267	Niet van toepassing	nee	nvt - geen doelhabitat	punt op gemaaide rand naast rijweg.kan niet verleg
9245970	9245970_6510_hus	openhab	1525855657.33	Opname volledig uitgevoerd	ja	100% afgewerkt	6510_hus; verlegd: 90 meter op 225 graden
9508114	9508114_6510_hus	openhab	1525855657.33	Opname volledig uitgevoerd	ja	100% afgewerkt	6510_hus
10622226	10622226_6510_hus	openhab	1525855657.33	Opname volledig uitgevoerd	ja	100% afgewerkt	NA
10717462	10717462_6510_hus	openhab	1525855657.283	Opname volledig uitgevoerd	ja	100% afgewerkt	NA
11343122	11343122_6510_hus	openhab	1525855657.345	Opname volledig uitgevoerd	ja	100% afgewerkt	6510_hus
12457234	12457234_6510_hus	openhab	1525855657.345	Opname volledig uitgevoerd	ja	100% afgewerkt	6510_hus
